N,P,K,temperature,humidity,rainfall,ph,soil_type,month,season,label
42,85,191,39.62,39.12,112.21,7.23,sandy,8,kharif,maize
80,110,83,30.08,75.97,64.64,5.04,loamy,8,kharif,maize
30,69,167,19.5,70.5,243.3,5.64,sandy,6,kharif,maize
82,82,195,17.21,71.39,269.6,6.26,sandy,3,zaid,maize
100,132,183,33.16,68.37,223.15,7.54,sandy,7,kharif,cotton
136,24,145,34.12,39.65,27.71,5.37,loamy,9,kharif,rice
48,43,171,24.6,68.55,157.42,5.14,clay,12,rabi,wheat
108,101,176,36.11,85.59,16.69,7.22,loamy,2,rabi,wheat
17,61,190,19.35,35.04,198.35,6.51,loamy,5,zaid,maize
45,72,113,33.11,73.58,151.39,7.3,loamy,2,rabi,wheat
84,71,28,12.6,74.41,122.43,7.14,sandy,2,rabi,wheat
28,31,76,21.37,69.56,60.02,5.23,loamy,3,zaid,maize
98,59,135,35.21,35.29,113.39,4.6,sandy,1,rabi,wheat
78,129,80,17.7,41.85,239.2,7.2,clay,10,rabi,wheat
87,10,193,36.64,91.3,284.21,4.66,sandy,8,kharif,rice
65,5,179,35.59,57.28,19.5,7.98,loamy,2,rabi,wheat
105,89,56,34.62,65.27,156.58,5.12,sandy,6,kharif,rice
67,65,177,18.66,63.74,88.91,7.56,clay,8,kharif,maize
132,55,161,13.88,81.41,88.93,5.27,loamy,6,kharif,rice
25,53,118,14.27,91.14,202.93,4.72,clay,11,rabi,rice
54,135,77,34.36,63.07,120.15,5.92,loamy,1,rabi,maize
137,24,155,39.63,66.28,67.76,6.08,loamy,3,zaid,maize
55,40,122,30.55,56.36,274.42,6.92,loamy,2,rabi,wheat
37,72,40,17.86,38.25,291.55,8.42,clay,7,kharif,rice
76,140,91,15.95,47.27,209.51,5.44,loamy,8,kharif,rice
45,5,155,37.59,82.42,293.55,7.09,loamy,3,zaid,maize
112,111,13,14.25,74.69,203.6,8.14,sandy,2,rabi,rice
83,105,156,26.08,92.81,177.78,6.9,loamy,9,kharif,rice
47,101,102,19.33,70.63,167.04,7.79,sandy,5,zaid,maize
22,50,132,22.96,42.27,210.44,7.2,clay,9,kharif,cotton
131,54,27,10.44,35.94,24.3,6.35,loamy,6,kharif,cotton
126,64,22,33.91,65.05,296.92,6.2,sandy,6,kharif,cotton
65,109,156,18.97,38.7,117.98,5.09,sandy,1,rabi,maize
78,101,48,28.12,90.25,42.24,8.48,clay,2,rabi,wheat
105,48,109,32.73,83.9,86.47,8.17,loamy,7,kharif,cotton
58,31,138,35.59,90.14,229.46,5.98,loamy,8,kharif,rice
133,90,198,13.12,66.6,22.55,8.34,loamy,3,zaid,maize
68,34,109,10.21,57.69,206.45,5.4,clay,11,rabi,wheat
89,25,40,34.88,39.9,278.14,6.58,sandy,1,rabi,rice
110,127,70,39.06,76.14,177.59,6.92,sandy,2,rabi,rice
106,83,122,17.69,60.99,109.86,6.61,sandy,11,rabi,wheat
34,31,56,25.82,39.66,262.07,4.63,loamy,11,rabi,rice
124,50,142,13.05,81.51,259.3,4.72,sandy,10,rabi,wheat
135,89,188,25.56,34.03,150.34,5.74,sandy,9,kharif,maize
58,130,39,38.54,55.6,93.61,8.14,clay,7,kharif,maize
45,10,172,28.44,94.38,138.87,6.67,loamy,8,kharif,maize
42,39,63,25.78,40.0,5.43,5.31,loamy,6,kharif,rice
69,107,174,12.98,69.74,250.18,5.86,loamy,7,kharif,maize
40,66,19,22.93,93.82,41.34,5.75,clay,5,zaid,maize
103,61,65,12.13,71.27,22.43,5.19,loamy,11,rabi,wheat
26,70,42,36.84,82.96,108.42,6.98,loamy,7,kharif,rice
111,22,106,19.77,56.82,120.08,7.88,clay,2,rabi,wheat
137,133,121,23.78,89.92,35.36,7.13,sandy,6,kharif,maize
136,64,6,14.23,70.35,149.34,5.59,sandy,8,kharif,maize
77,13,163,23.32,48.72,105.01,4.95,clay,10,rabi,wheat
13,18,24,26.84,48.6,250.2,5.13,sandy,3,zaid,maize
28,13,14,25.79,72.91,214.61,5.9,clay,1,rabi,rice
119,56,21,22.85,77.08,114.73,6.95,sandy,3,zaid,maize
21,144,16,39.79,63.52,176.19,8.03,loamy,4,zaid,maize
75,26,173,35.94,60.44,22.2,6.76,sandy,11,rabi,maize
56,144,194,20.34,87.22,165.68,4.86,sandy,7,kharif,rice
56,40,161,37.15,35.07,287.37,5.58,clay,10,rabi,wheat
73,83,68,36.56,81.95,105.81,6.27,clay,8,kharif,maize
38,87,117,30.95,42.12,171.57,7.89,clay,3,zaid,cotton
92,96,142,34.09,87.86,241.51,6.17,sandy,6,kharif,rice
11,123,30,15.94,62.3,38.61,4.79,loamy,8,kharif,maize
96,61,94,14.86,74.89,255.98,7.9,clay,7,kharif,rice
64,17,146,38.5,57.75,232.18,6.5,sandy,7,kharif,maize
72,84,91,34.4,59.35,169.4,7.84,loamy,6,kharif,cotton
92,141,75,15.81,46.28,135.27,7.3,loamy,1,rabi,wheat
134,59,62,19.74,68.22,273.23,7.4,loamy,4,zaid,maize
127,52,21,33.63,80.75,210.01,7.21,loamy,6,kharif,cotton
25,141,66,33.68,79.88,69.85,6.83,sandy,7,kharif,maize
94,107,177,32.33,49.5,147.17,7.13,clay,11,rabi,wheat
103,47,173,28.05,78.41,46.68,6.38,clay,12,rabi,wheat
107,60,42,29.92,58.34,41.2,6.95,clay,3,zaid,maize
99,51,139,25.59,30.94,94.98,4.75,sandy,7,kharif,maize
37,22,49,33.59,69.97,110.56,6.3,clay,7,kharif,cotton
122,112,119,21.24,63.31,75.05,8.09,clay,5,zaid,maize
58,116,159,34.5,47.32,78.86,4.55,clay,6,kharif,cotton
103,104,46,12.93,54.01,65.71,8.2,loamy,8,kharif,cotton
63,18,185,37.32,57.26,139.82,4.66,sandy,7,kharif,maize
102,48,142,13.9,78.84,198.13,7.41,sandy,4,zaid,maize
132,43,191,25.18,93.29,133.57,8.17,clay,4,zaid,maize
29,60,147,32.61,73.32,157.63,8.21,clay,2,rabi,rice
41,122,79,24.35,68.61,69.08,5.28,loamy,6,kharif,cotton
19,135,179,35.45,64.02,289.49,7.2,loamy,9,kharif,cotton
92,82,159,23.08,51.67,263.56,4.71,clay,7,kharif,cotton
105,98,55,17.95,92.08,167.05,5.28,loamy,1,rabi,rice
87,109,61,10.67,61.17,21.38,8.2,loamy,4,zaid,maize
125,25,48,32.18,83.56,134.43,7.47,clay,12,rabi,cotton
137,62,146,37.25,79.56,150.28,5.16,sandy,4,zaid,maize
92,124,97,22.99,80.23,2.78,7.39,sandy,11,rabi,wheat
12,27,107,12.25,75.58,95.3,7.24,loamy,5,zaid,maize
111,27,167,28.11,65.55,289.49,7.81,sandy,12,rabi,cotton
31,85,162,30.92,46.67,79.31,4.67,sandy,10,rabi,wheat
59,52,99,36.08,38.42,152.8,4.91,loamy,6,kharif,rice
33,117,124,19.42,72.75,166.57,6.84,sandy,11,rabi,maize
76,137,177,29.79,73.4,21.95,6.11,clay,2,rabi,maize
115,10,178,12.18,45.71,8.56,5.44,clay,7,kharif,rice
96,60,45,38.63,77.14,289.05,7.98,loamy,12,rabi,rice
23,88,97,19.34,40.48,124.51,6.09,clay,4,zaid,maize
72,105,169,31.27,61.02,161.91,8.26,clay,2,rabi,maize
94,5,158,16.88,37.65,177.79,5.91,loamy,7,kharif,rice
78,102,72,21.39,55.4,292.27,5.67,sandy,7,kharif,maize
100,132,69,31.69,87.57,262.23,8.39,loamy,12,rabi,rice
43,128,67,30.0,45.28,28.13,6.58,clay,4,zaid,maize
77,17,167,21.13,31.23,88.78,6.61,sandy,4,zaid,maize
110,140,94,22.49,39.51,245.76,7.36,clay,9,kharif,cotton
88,85,164,18.87,32.22,239.87,8.33,loamy,1,rabi,wheat
89,42,71,38.34,86.03,96.61,8.12,loamy,2,rabi,wheat
103,107,202,23.9,79.62,48.7,6.56,clay,11,rabi,wheat
48,31,30,30.46,73.18,23.02,8.04,clay,6,kharif,maize
85,138,123,22.19,80.9,49.71,7.92,sandy,12,rabi,wheat
45,127,49,37.02,69.46,239.37,7.38,sandy,2,rabi,maize
25,116,200,23.07,54.74,120.37,4.66,clay,6,kharif,maize
27,133,197,22.67,50.32,43.35,7.34,loamy,6,kharif,cotton
20,10,200,29.44,77.5,102.33,8.33,loamy,12,rabi,maize
79,69,141,18.71,78.69,176.18,7.05,clay,4,zaid,maize
114,135,204,14.21,69.53,103.57,7.61,sandy,5,zaid,maize
23,78,146,27.65,78.45,254.06,5.47,loamy,8,kharif,rice
84,43,146,23.61,46.54,13.5,6.23,loamy,1,rabi,wheat
67,116,158,33.07,75.92,1.47,6.45,clay,3,zaid,maize
47,70,130,31.21,87.27,167.54,4.88,sandy,9,kharif,rice
88,136,118,13.8,71.91,293.15,7.93,clay,1,rabi,wheat
49,109,53,33.36,94.73,155.41,7.13,sandy,1,rabi,rice
72,63,41,38.73,91.68,23.24,7.03,sandy,10,rabi,wheat
67,9,35,22.33,46.26,72.54,6.67,sandy,12,rabi,wheat
135,123,55,21.62,74.67,113.77,5.44,loamy,5,zaid,maize
50,96,200,26.64,74.14,230.86,7.48,sandy,2,rabi,maize
115,22,173,23.08,92.43,56.45,6.41,clay,8,kharif,cotton
117,40,65,29.57,86.82,228.19,7.61,clay,4,zaid,rice
43,56,159,14.4,42.08,44.39,5.22,clay,5,zaid,wheat
46,66,163,28.06,73.5,102.59,7.27,loamy,12,rabi,maize
52,58,128,22.97,55.0,147.1,7.03,clay,12,rabi,wheat
57,136,43,30.17,43.15,161.87,6.66,sandy,8,kharif,maize
44,134,117,10.82,85.92,117.27,7.52,sandy,7,kharif,maize
24,138,45,32.39,48.5,209.8,5.66,clay,10,rabi,wheat
93,138,116,30.55,86.44,266.46,5.15,clay,12,rabi,rice
16,50,77,22.26,45.67,237.91,7.8,sandy,12,rabi,wheat
66,48,161,30.98,71.96,112.99,8.15,loamy,5,zaid,maize
11,107,115,18.18,68.27,11.54,7.63,sandy,9,kharif,maize
137,66,37,30.31,33.68,81.87,6.5,loamy,4,zaid,maize
67,54,117,13.11,49.14,133.18,6.54,clay,6,kharif,maize
14,129,133,38.99,33.41,130.86,8.04,sandy,2,rabi,wheat
21,19,93,29.87,91.18,256.74,8.32,loamy,5,zaid,maize
62,88,160,32.62,83.46,207.81,5.18,clay,12,rabi,rice
132,19,123,39.44,49.68,146.15,7.71,clay,4,zaid,maize
57,67,83,37.72,42.0,276.49,7.56,sandy,5,zaid,maize
79,7,124,35.6,44.86,85.38,8.22,sandy,1,rabi,wheat
17,126,197,10.87,72.28,27.71,6.56,clay,8,kharif,maize
97,43,10,23.93,84.8,115.1,8.1,sandy,6,kharif,maize
26,117,80,11.32,48.67,246.72,6.15,loamy,9,kharif,cotton
99,58,8,28.44,55.09,24.33,8.47,clay,9,kharif,cotton
14,29,36,27.13,82.37,138.45,5.78,sandy,7,kharif,maize
59,136,117,12.34,65.3,57.05,6.39,clay,10,rabi,wheat
59,98,128,14.12,40.66,43.51,8.31,sandy,5,zaid,maize
127,40,171,16.02,85.55,100.17,6.33,clay,8,kharif,rice
35,131,88,29.98,94.45,122.01,7.66,loamy,9,kharif,cotton
120,113,73,22.44,62.59,271.02,5.24,loamy,6,kharif,rice
74,97,83,17.41,86.12,109.34,4.94,clay,7,kharif,maize
97,67,20,28.72,62.3,181.29,6.22,sandy,7,kharif,maize
70,14,167,29.64,82.05,84.55,6.13,loamy,7,kharif,maize
64,100,128,15.34,51.26,23.72,7.07,loamy,8,kharif,maize
22,73,163,24.8,70.42,232.32,6.05,loamy,4,zaid,maize
122,98,39,39.65,74.17,223.89,5.67,clay,6,kharif,rice
115,64,82,17.64,77.6,71.43,6.3,sandy,2,rabi,wheat
38,130,114,36.44,69.7,67.95,7.52,sandy,7,kharif,maize
72,119,89,11.06,89.27,21.2,6.98,clay,8,kharif,maize
43,43,177,18.7,39.78,27.42,6.02,sandy,12,rabi,wheat
131,28,128,31.7,83.05,176.76,6.02,clay,10,rabi,rice
16,66,53,32.32,66.7,112.91,6.7,sandy,6,kharif,maize
21,62,53,35.13,80.65,266.74,5.88,loamy,4,zaid,maize
115,11,24,24.68,32.67,87.26,6.37,clay,2,rabi,wheat
51,43,200,25.06,44.88,56.14,6.16,sandy,2,rabi,wheat
117,45,136,14.05,41.72,70.29,5.86,clay,3,zaid,maize
15,46,187,19.08,47.69,83.48,6.95,clay,7,kharif,maize
49,96,81,11.5,79.7,54.16,7.08,clay,8,kharif,maize
54,42,147,30.26,41.27,106.7,7.78,clay,3,zaid,maize
100,9,200,12.93,92.61,285.24,5.71,sandy,11,rabi,wheat
35,53,98,36.36,39.82,193.83,7.14,sandy,5,zaid,maize
90,55,137,31.92,69.76,75.46,7.62,sandy,8,kharif,cotton
136,48,14,21.15,79.34,105.8,7.22,clay,7,kharif,maize
19,76,54,33.23,42.92,7.85,8.28,sandy,5,zaid,maize
83,8,178,22.97,33.82,151.46,5.48,loamy,9,kharif,rice
55,25,142,14.29,62.55,167.07,5.1,sandy,5,zaid,maize
38,59,181,11.02,50.54,219.39,5.04,loamy,12,rabi,wheat
42,46,198,30.81,72.46,186.1,7.69,clay,5,zaid,maize
138,89,167,28.15,35.57,86.32,4.67,sandy,6,kharif,maize
95,8,75,33.18,73.75,26.61,8.46,loamy,3,zaid,maize
62,83,13,27.91,43.03,290.91,7.99,loamy,5,zaid,maize
108,105,74,30.16,76.35,288.98,6.98,clay,4,zaid,maize
116,66,57,26.11,85.73,3.16,6.4,sandy,3,zaid,maize
119,85,111,36.11,92.12,112.08,6.68,clay,1,rabi,rice
42,110,175,35.48,81.21,194.18,5.82,loamy,7,kharif,rice
75,80,25,10.96,55.61,257.72,6.7,loamy,9,kharif,maize
11,105,169,37.6,76.58,293.77,7.88,loamy,3,zaid,maize
106,15,99,10.97,40.85,233.48,5.38,loamy,10,rabi,wheat
31,89,126,33.3,66.45,84.64,8.31,sandy,9,kharif,cotton
118,115,134,12.85,43.79,243.08,7.33,loamy,6,kharif,cotton
80,24,113,39.18,37.52,256.37,7.79,sandy,7,kharif,maize
80,107,84,17.24,77.05,93.4,6.67,loamy,8,kharif,maize
123,104,70,39.49,58.25,277.0,6.03,loamy,10,rabi,wheat
61,28,173,38.43,64.21,55.91,5.23,sandy,7,kharif,maize
23,15,193,29.01,77.18,255.99,6.61,sandy,11,rabi,maize
120,15,12,19.91,30.99,179.88,7.44,sandy,3,zaid,maize
128,79,89,33.1,94.93,251.69,5.67,sandy,8,kharif,rice
36,73,189,22.94,81.02,109.83,7.12,loamy,11,rabi,wheat
10,141,9,26.21,52.78,185.65,5.48,clay,4,zaid,maize
46,91,79,21.13,83.01,158.56,6.72,loamy,10,rabi,rice
117,90,64,31.61,85.08,228.6,7.33,loamy,6,kharif,rice
106,84,150,33.31,53.04,159.62,7.42,loamy,6,kharif,cotton
16,95,202,19.01,60.74,201.76,4.96,clay,10,rabi,wheat
69,93,7,13.48,71.74,213.03,6.84,loamy,7,kharif,rice
118,14,72,20.38,51.18,189.87,7.45,sandy,7,kharif,cotton
87,46,154,24.44,50.1,249.33,6.99,loamy,5,zaid,maize
28,29,15,18.71,69.22,291.54,7.21,loamy,9,kharif,maize
121,81,113,38.01,86.14,104.15,6.15,loamy,8,kharif,maize
32,82,55,32.2,57.9,44.94,6.64,clay,3,zaid,maize
73,40,177,15.46,32.77,137.76,5.32,clay,12,rabi,wheat
80,40,165,32.21,78.48,194.19,8.21,clay,9,kharif,rice
110,140,59,36.8,81.21,184.28,7.05,sandy,8,kharif,rice
11,138,84,16.34,39.1,199.28,5.17,clay,11,rabi,wheat
13,12,110,17.55,45.39,196.24,6.1,sandy,12,rabi,wheat
17,88,200,14.77,54.69,223.02,7.82,clay,12,rabi,wheat
85,25,135,13.31,40.45,108.53,7.69,sandy,11,rabi,wheat
113,117,53,37.36,55.65,210.18,7.09,sandy,3,zaid,maize
58,13,132,35.09,73.62,224.34,4.6,sandy,4,zaid,maize
26,28,108,16.05,42.77,181.24,4.52,clay,9,kharif,cotton
49,67,31,37.26,69.58,91.41,4.78,sandy,6,kharif,maize
60,43,28,13.35,75.35,273.79,6.24,sandy,4,zaid,maize
50,64,78,33.21,76.63,37.17,5.83,loamy,1,rabi,wheat
32,64,155,34.25,82.4,259.64,5.38,sandy,8,kharif,rice
81,141,104,38.24,43.86,282.45,7.62,loamy,6,kharif,cotton
23,123,82,16.06,83.66,125.67,7.8,loamy,4,zaid,maize
119,60,29,39.49,89.46,153.68,5.48,clay,3,zaid,rice
16,136,25,24.53,40.8,293.61,5.12,loamy,8,kharif,rice
32,12,7,28.97,55.97,259.01,6.13,clay,7,kharif,cotton
116,65,145,18.71,52.04,99.53,7.02,sandy,6,kharif,maize
68,28,25,13.89,74.83,144.58,6.44,loamy,4,zaid,maize
77,40,95,31.87,35.24,297.29,6.96,sandy,9,kharif,maize
101,132,153,36.21,80.35,187.02,6.38,loamy,8,kharif,rice
33,88,126,11.28,89.24,45.74,6.13,sandy,12,rabi,wheat
78,8,70,12.93,70.91,283.21,5.5,clay,11,rabi,wheat
50,15,85,39.96,31.44,199.27,7.92,clay,5,zaid,maize
47,143,145,14.83,68.88,241.88,8.12,sandy,7,kharif,maize
106,46,39,24.68,74.58,66.46,5.85,sandy,6,kharif,maize
46,83,15,37.9,51.77,17.24,7.99,sandy,10,rabi,wheat
20,33,94,29.07,60.22,178.1,7.27,clay,3,zaid,maize
17,80,85,11.12,38.93,188.47,7.6,sandy,8,kharif,maize
123,12,8,10.45,64.97,261.97,4.57,loamy,4,zaid,maize
79,134,76,26.22,42.79,156.8,8.23,loamy,1,rabi,wheat
36,61,21,28.17,81.91,77.24,6.66,sandy,10,rabi,wheat
93,111,40,11.53,87.2,225.73,7.8,clay,5,zaid,maize
59,80,150,26.83,63.14,43.5,6.23,loamy,2,rabi,wheat
137,79,193,34.82,92.21,1.24,8.38,clay,9,kharif,rice
115,19,165,10.2,41.45,221.59,6.42,sandy,12,rabi,wheat
100,140,93,30.24,88.8,19.32,7.82,sandy,11,rabi,wheat
82,74,75,27.13,50.46,289.83,5.88,loamy,9,kharif,maize
108,121,147,17.41,47.79,143.45,5.17,sandy,4,zaid,maize
106,136,122,34.24,90.98,112.12,7.87,loamy,6,kharif,cotton
53,17,194,15.58,46.38,54.88,7.95,loamy,11,rabi,wheat
17,61,8,37.54,57.71,162.29,6.15,sandy,1,rabi,wheat
120,41,131,29.45,41.06,78.03,5.11,loamy,2,rabi,wheat
61,113,174,17.53,66.77,223.83,7.09,sandy,10,rabi,maize
107,130,22,27.89,69.44,105.3,5.93,sandy,9,kharif,maize
23,143,90,23.26,86.21,57.83,8.16,loamy,5,zaid,maize
47,96,96,26.11,62.85,51.3,5.63,sandy,10,rabi,maize
130,139,110,13.29,34.08,296.78,6.78,clay,9,kharif,cotton
136,5,119,26.68,35.55,151.97,5.2,loamy,11,rabi,rice
69,75,60,26.5,30.76,121.9,7.32,loamy,2,rabi,maize
17,78,46,12.33,93.33,133.97,6.4,loamy,8,kharif,maize
37,11,145,10.9,50.81,89.04,6.46,clay,3,zaid,maize
62,15,141,36.53,37.39,17.07,6.83,clay,5,zaid,maize
10,91,91,22.24,41.95,64.6,6.55,clay,10,rabi,wheat
28,24,8,16.75,38.81,261.12,5.91,loamy,3,zaid,maize
120,19,43,15.45,32.76,187.56,5.66,sandy,6,kharif,rice
34,6,116,27.89,43.33,100.16,8.42,clay,8,kharif,maize
13,6,59,14.88,49.05,199.07,8.04,clay,5,zaid,wheat
124,85,151,28.42,91.66,31.34,6.91,loamy,2,rabi,wheat
85,44,195,37.08,81.51,299.11,6.12,clay,11,rabi,wheat
66,139,162,14.38,68.81,128.26,5.77,loamy,2,rabi,maize
47,11,63,36.81,88.91,295.6,5.2,loamy,2,rabi,rice
76,47,21,39.12,40.89,289.56,8.49,clay,6,kharif,maize
54,127,129,36.56,76.87,180.79,5.1,loamy,1,rabi,rice
34,16,146,39.18,53.86,204.76,5.26,clay,12,rabi,wheat
49,71,150,31.83,61.65,33.68,8.38,sandy,2,rabi,wheat
23,32,100,25.14,38.63,179.73,5.41,loamy,12,rabi,rice
14,110,183,25.37,54.73,155.33,5.72,loamy,5,zaid,maize
96,130,132,34.75,61.84,75.34,5.88,clay,11,rabi,wheat
17,69,127,21.67,85.55,222.98,5.07,loamy,2,rabi,rice
122,8,154,23.59,32.39,209.7,7.45,loamy,8,kharif,cotton
38,107,20,26.23,37.29,85.79,7.49,sandy,7,kharif,maize
33,97,48,14.6,58.96,243.02,6.13,sandy,5,zaid,maize
41,63,19,39.1,92.33,173.19,7.05,sandy,5,zaid,maize
20,48,201,37.16,52.81,92.94,4.79,clay,7,kharif,cotton
35,92,15,10.17,75.08,147.65,7.89,sandy,2,rabi,wheat
112,59,102,34.76,31.51,81.44,6.51,sandy,1,rabi,cotton
68,27,154,19.5,57.03,131.09,7.65,loamy,7,kharif,maize
28,77,29,12.73,82.47,82.04,8.1,sandy,6,kharif,maize
20,102,195,12.01,65.95,154.73,4.81,clay,8,kharif,maize
112,128,195,20.55,64.46,270.27,7.34,clay,10,rabi,cotton
86,80,32,33.91,65.26,97.86,5.34,loamy,9,kharif,maize
80,137,76,34.75,57.81,101.24,7.76,loamy,1,rabi,wheat
74,142,113,32.4,62.58,213.04,6.69,clay,3,zaid,maize
53,24,152,29.46,48.64,203.8,5.1,clay,7,kharif,rice
53,21,119,25.77,68.96,111.63,8.47,loamy,1,rabi,maize
43,102,96,31.92,94.61,42.34,5.35,sandy,12,rabi,wheat
139,78,136,15.72,65.66,109.13,4.69,loamy,12,rabi,wheat
52,134,96,30.91,48.76,254.81,7.91,loamy,5,zaid,cotton
78,76,143,13.13,36.52,87.79,8.34,sandy,10,rabi,wheat
63,53,183,37.5,49.68,83.25,6.0,loamy,12,rabi,wheat
16,124,78,29.14,61.07,192.34,5.04,clay,12,rabi,rice
21,103,99,12.0,56.76,156.36,7.12,sandy,12,rabi,wheat
40,134,139,12.17,74.32,130.0,7.42,clay,2,rabi,wheat
25,68,136,18.54,38.56,146.8,6.23,sandy,9,kharif,maize
62,98,70,16.6,59.28,187.3,7.3,sandy,10,rabi,wheat
65,27,182,35.68,31.04,274.37,8.26,loamy,2,rabi,wheat
132,56,144,39.41,62.5,104.36,5.32,clay,11,rabi,rice
35,110,115,30.58,30.55,97.69,5.97,clay,8,kharif,maize
98,71,166,14.91,48.35,156.86,6.38,clay,2,rabi,wheat
127,88,181,33.51,71.59,157.05,7.42,sandy,3,zaid,maize
43,45,179,32.8,84.14,266.02,7.12,loamy,11,rabi,rice
126,18,118,24.33,69.0,273.75,5.13,loamy,9,kharif,cotton
105,140,9,30.53,69.01,69.01,4.58,loamy,12,rabi,wheat
37,67,136,23.03,85.71,37.32,7.91,sandy,4,zaid,maize
132,56,18,35.48,70.99,2.94,6.33,clay,10,rabi,rice
27,111,128,36.49,62.1,37.64,4.98,sandy,10,rabi,wheat
62,120,10,25.93,39.42,135.2,6.87,clay,3,zaid,maize
116,98,49,21.44,77.39,134.05,5.14,loamy,9,kharif,rice
25,47,134,13.45,89.8,41.03,6.51,loamy,8,kharif,rice
114,20,7,13.3,77.71,48.25,5.0,sandy,7,kharif,rice
110,142,186,17.85,82.02,240.13,7.11,loamy,2,rabi,wheat
44,69,129,28.58,85.29,50.09,5.91,loamy,4,zaid,maize
98,19,157,31.47,52.24,209.56,7.87,sandy,10,rabi,wheat
119,11,156,14.86,55.14,141.02,6.25,sandy,1,rabi,wheat
42,126,108,17.52,94.72,74.24,6.05,loamy,10,rabi,wheat
93,54,31,39.16,83.47,194.44,8.38,loamy,4,zaid,maize
106,43,133,32.94,87.62,148.79,8.32,clay,10,rabi,wheat
43,87,184,28.05,65.45,37.77,4.91,loamy,12,rabi,wheat
18,63,174,28.6,58.08,191.16,7.01,sandy,3,zaid,maize
19,134,178,10.4,78.81,10.83,7.04,clay,8,kharif,maize
28,14,14,34.17,51.36,229.06,6.54,sandy,7,kharif,rice
127,20,123,13.13,71.01,290.17,4.82,loamy,11,rabi,wheat
32,55,178,29.88,38.42,204.29,5.78,sandy,3,zaid,maize
22,15,16,39.01,68.83,52.67,5.61,loamy,10,rabi,maize
19,35,71,18.47,46.22,146.49,7.46,loamy,1,rabi,wheat
36,87,176,13.71,55.23,245.29,7.01,loamy,5,zaid,maize
121,127,12,33.8,51.81,136.47,5.74,clay,9,kharif,maize
69,126,59,37.41,90.51,108.61,7.05,loamy,7,kharif,maize
20,37,15,15.59,78.74,172.56,5.5,sandy,6,kharif,maize
60,94,25,17.48,33.96,185.83,7.12,clay,9,kharif,maize
70,20,181,24.63,59.51,54.35,5.97,loamy,8,kharif,maize
28,141,153,29.37,36.58,13.44,7.99,loamy,8,kharif,cotton
73,13,145,11.78,67.69,90.3,5.74,sandy,2,rabi,wheat
49,100,104,10.88,81.24,4.23,7.86,loamy,12,rabi,wheat
92,17,13,27.61,60.97,248.55,6.94,clay,12,rabi,rice
53,132,6,28.9,60.41,162.09,4.83,loamy,11,rabi,wheat
134,35,106,10.24,34.84,51.56,4.55,loamy,11,rabi,wheat
48,112,97,13.85,47.06,77.53,7.37,clay,12,rabi,wheat
55,60,46,26.95,93.85,80.08,6.08,loamy,3,zaid,maize
95,8,189,39.86,48.56,212.34,6.37,sandy,1,rabi,wheat
92,60,42,13.57,42.99,125.31,7.06,sandy,5,zaid,maize
32,124,115,16.89,30.09,137.37,4.98,clay,1,rabi,wheat
40,51,131,21.03,43.41,103.45,5.96,loamy,10,rabi,wheat
26,80,87,28.89,47.58,243.3,7.03,loamy,2,rabi,wheat
44,60,144,29.87,47.17,207.5,7.18,sandy,9,kharif,cotton
121,102,7,36.34,62.78,178.79,8.48,clay,10,rabi,wheat
69,8,59,37.66,90.79,104.71,7.94,loamy,2,rabi,wheat
104,11,71,23.08,37.93,28.93,4.61,clay,11,rabi,wheat
67,11,134,37.56,41.22,271.45,7.14,loamy,12,rabi,wheat
55,90,179,12.29,52.92,15.54,5.39,sandy,10,rabi,wheat
77,14,114,21.93,72.2,97.2,5.34,clay,12,rabi,wheat
15,29,170,22.76,80.04,296.33,7.08,clay,2,rabi,wheat
66,48,56,34.6,57.44,225.85,5.84,loamy,8,kharif,rice
47,142,113,28.3,91.06,273.89,6.19,sandy,3,zaid,maize
57,20,144,35.46,61.19,201.05,7.59,sandy,1,rabi,wheat
129,25,168,37.64,34.26,125.42,5.77,clay,6,kharif,maize
75,81,125,34.54,63.75,157.43,4.74,clay,7,kharif,maize
80,134,174,22.9,79.93,275.79,5.02,sandy,5,zaid,maize
106,47,158,33.02,52.43,222.87,6.3,clay,5,zaid,rice
129,137,70,23.34,51.59,275.04,7.11,sandy,9,kharif,maize
34,27,102,38.43,40.85,92.44,7.24,clay,3,zaid,maize
113,11,127,34.43,69.57,105.89,8.03,loamy,12,rabi,cotton
34,109,85,20.36,88.95,55.93,6.2,sandy,5,zaid,maize
59,32,43,30.6,50.12,169.82,8.05,loamy,12,rabi,maize
57,17,186,38.36,41.17,111.28,4.57,sandy,12,rabi,wheat
50,126,107,23.39,84.69,150.12,7.47,loamy,10,rabi,wheat
101,15,157,27.55,94.28,245.27,5.21,sandy,8,kharif,rice
123,11,49,10.75,51.84,130.55,4.97,clay,9,kharif,maize
77,72,86,23.53,72.42,281.48,5.87,loamy,3,zaid,maize
76,57,12,11.23,89.26,182.46,7.22,sandy,10,rabi,wheat
29,10,27,35.21,35.2,88.91,7.94,clay,6,kharif,cotton
97,51,173,16.65,70.39,253.42,6.78,loamy,7,kharif,rice
63,97,112,21.83,55.56,289.44,5.13,sandy,6,kharif,maize
79,117,140,37.37,53.19,130.4,8.5,loamy,3,zaid,maize
85,97,169,30.18,67.1,239.9,5.93,loamy,1,rabi,rice
79,81,61,13.04,43.66,41.21,5.19,sandy,7,kharif,wheat
39,100,123,38.06,37.02,210.99,6.38,clay,9,kharif,rice
133,14,145,25.66,81.43,277.08,5.24,loamy,3,zaid,rice
12,30,176,34.86,34.11,140.33,7.05,sandy,10,rabi,maize
28,60,69,18.77,93.15,25.61,5.67,sandy,6,kharif,maize
45,126,156,34.77,67.5,146.87,5.24,clay,6,kharif,cotton
112,99,28,10.78,89.98,72.84,6.93,loamy,10,rabi,wheat
49,90,144,10.9,81.33,21.4,7.7,clay,9,kharif,rice
67,9,170,33.5,41.03,131.36,7.82,loamy,5,zaid,maize
87,73,194,15.17,52.62,3.39,7.43,clay,9,kharif,maize
112,111,193,17.1,33.37,144.36,7.4,loamy,5,zaid,maize
50,114,181,24.39,87.65,49.09,6.29,clay,1,rabi,wheat
137,21,5,16.24,55.7,245.05,5.71,sandy,8,kharif,maize
10,116,136,15.22,83.37,12.92,5.79,clay,2,rabi,wheat
116,58,116,14.72,86.18,92.25,6.09,loamy,7,kharif,rice
69,132,62,28.99,62.32,13.23,5.12,loamy,1,rabi,maize
37,139,59,39.35,76.17,72.7,6.27,loamy,5,zaid,maize
108,15,77,24.11,72.94,89.1,7.86,sandy,8,kharif,cotton
122,54,130,14.78,62.15,55.28,4.7,loamy,4,zaid,maize
72,114,147,26.57,91.48,129.99,6.39,clay,6,kharif,maize
67,100,185,12.85,93.05,200.19,5.91,sandy,12,rabi,rice
80,60,183,35.01,74.66,162.66,5.55,clay,8,kharif,rice
75,85,44,10.11,61.75,258.82,4.61,sandy,11,rabi,wheat
122,99,190,27.64,77.17,13.42,7.7,clay,6,kharif,cotton
110,115,26,23.1,60.44,11.56,6.51,sandy,5,zaid,maize
121,140,67,38.97,92.17,22.09,7.86,sandy,11,rabi,wheat
77,31,28,38.27,82.55,234.87,5.06,loamy,8,kharif,rice
93,35,151,39.79,68.34,90.14,6.3,loamy,6,kharif,maize
32,88,183,23.99,48.9,169.64,7.67,loamy,11,rabi,wheat
62,46,30,18.96,56.38,178.45,4.52,sandy,4,zaid,maize
53,24,117,24.23,54.03,107.09,6.21,clay,8,kharif,maize
130,82,124,15.68,65.05,233.15,5.42,clay,2,rabi,wheat
96,89,11,24.44,86.29,197.91,7.96,clay,10,rabi,wheat
56,131,120,34.75,38.17,263.46,5.63,clay,2,rabi,rice
41,66,54,11.15,31.93,174.59,8.12,clay,4,zaid,maize
13,47,101,17.48,35.21,49.28,5.42,clay,12,rabi,wheat
14,55,14,32.51,55.93,199.16,5.51,sandy,11,rabi,maize
42,48,7,25.38,59.24,139.4,4.83,clay,4,zaid,maize
111,107,34,27.55,59.14,15.97,6.96,loamy,8,kharif,maize
46,119,139,23.41,63.2,275.97,8.38,sandy,4,zaid,maize
50,16,53,35.67,59.2,99.06,5.42,sandy,3,zaid,maize
120,49,90,23.61,80.54,144.52,4.85,sandy,11,rabi,maize
69,29,134,37.12,66.14,23.07,6.39,clay,6,kharif,maize
35,75,48,34.79,81.42,235.86,4.77,loamy,11,rabi,rice
60,96,16,29.74,39.09,47.29,6.22,sandy,8,kharif,maize
77,18,118,12.31,77.49,142.53,8.25,sandy,5,zaid,maize
11,139,146,15.79,40.49,44.44,8.0,sandy,1,rabi,wheat
132,17,46,18.26,48.24,244.46,6.99,sandy,5,zaid,maize
100,110,203,27.35,50.03,72.25,8.35,clay,7,kharif,maize
66,91,161,20.64,66.0,11.54,6.53,clay,12,rabi,wheat
75,61,183,11.95,40.14,234.6,7.5,clay,9,kharif,maize
94,61,155,32.16,79.89,229.13,5.3,loamy,3,zaid,rice
18,84,192,30.71,39.4,153.14,6.95,sandy,5,zaid,maize
99,45,193,21.89,51.92,99.54,6.75,loamy,10,rabi,wheat
30,72,138,38.36,48.13,163.15,6.19,clay,5,zaid,maize
104,47,29,36.71,59.9,112.57,7.02,clay,9,kharif,cotton
96,73,134,16.32,79.04,122.39,6.43,clay,10,rabi,wheat
44,99,102,32.08,75.49,190.71,5.11,clay,2,rabi,rice
50,103,73,32.99,65.75,89.17,7.65,loamy,9,kharif,cotton
44,26,151,10.12,71.26,157.06,6.69,loamy,2,rabi,wheat
57,41,93,14.26,51.94,134.62,7.91,loamy,5,zaid,maize
53,87,197,30.62,55.55,21.87,6.82,loamy,1,rabi,wheat
104,119,157,17.45,63.4,87.43,6.48,sandy,12,rabi,wheat
20,64,57,38.86,70.3,164.93,6.38,sandy,12,rabi,rice
17,138,95,10.43,94.48,36.87,6.97,loamy,5,zaid,maize
39,74,95,29.94,31.04,120.21,4.78,loamy,3,zaid,maize
107,139,189,36.06,93.55,191.36,6.07,loamy,11,rabi,rice
34,13,79,16.97,63.02,299.17,7.55,clay,11,rabi,wheat
81,61,53,34.88,61.05,248.07,5.08,sandy,10,rabi,rice
119,118,56,15.85,53.79,204.46,8.13,clay,12,rabi,wheat
126,18,55,18.98,46.79,182.77,5.0,loamy,4,zaid,maize
23,61,148,12.32,65.58,92.7,5.97,clay,5,zaid,maize
134,56,192,10.47,36.23,234.25,8.45,clay,8,kharif,rice
38,62,120,17.86,36.15,129.48,5.37,sandy,5,zaid,maize
60,31,200,32.17,67.56,56.36,7.21,clay,9,kharif,maize
31,57,165,26.82,73.87,173.39,4.67,sandy,8,kharif,rice
26,57,63,23.84,32.85,17.8,7.99,clay,4,zaid,maize
96,134,41,21.63,39.25,123.95,6.38,loamy,11,rabi,wheat
77,29,186,13.8,49.13,92.72,5.67,sandy,7,kharif,maize
47,48,7,24.7,69.36,108.05,6.72,sandy,8,kharif,maize
135,91,103,39.71,74.08,186.69,6.18,loamy,10,rabi,rice
117,139,107,18.62,37.47,222.02,8.07,loamy,10,rabi,wheat
100,94,193,34.64,85.33,170.29,4.53,sandy,7,kharif,rice
98,70,38,33.19,73.3,8.41,6.17,clay,5,zaid,maize
89,19,86,34.13,52.42,286.76,5.15,loamy,7,kharif,rice
29,128,43,11.8,31.43,85.43,5.82,sandy,4,zaid,maize
36,8,24,33.11,66.35,273.86,5.6,clay,5,zaid,maize
119,18,149,14.7,35.89,196.24,7.2,sandy,1,rabi,wheat
123,78,89,18.8,49.4,124.95,7.75,loamy,5,zaid,maize
107,16,162,32.56,34.52,205.41,7.85,sandy,4,zaid,cotton
130,90,100,18.5,54.22,86.12,7.3,clay,4,zaid,maize
15,70,199,18.79,61.04,215.38,5.78,loamy,11,rabi,wheat
50,81,165,21.99,32.95,144.15,7.84,loamy,6,kharif,cotton
24,135,194,11.64,65.31,2.23,5.41,clay,5,zaid,maize
62,69,35,16.75,54.72,207.5,6.31,clay,4,zaid,maize
103,50,7,11.61,69.68,65.04,7.25,clay,7,kharif,cotton
23,40,14,16.93,56.41,158.2,7.02,loamy,5,zaid,maize
134,56,178,17.96,87.33,120.38,7.5,loamy,1,rabi,wheat
46,71,204,32.23,94.62,200.54,7.74,loamy,7,kharif,rice
120,105,40,33.04,51.86,9.22,7.08,clay,9,kharif,cotton
94,130,89,15.61,92.64,102.13,4.96,loamy,9,kharif,maize
114,81,90,18.79,48.52,39.54,5.62,sandy,2,rabi,wheat
14,20,169,36.84,84.85,96.07,6.23,clay,5,zaid,maize
90,65,190,14.71,93.73,150.62,7.65,loamy,10,rabi,wheat
121,62,95,30.81,52.17,245.93,6.5,loamy,10,rabi,cotton
11,50,20,15.63,83.63,210.51,7.39,sandy,8,kharif,rice
31,42,120,39.33,79.73,226.05,8.03,loamy,4,zaid,maize
11,36,85,31.42,39.84,207.08,7.23,clay,11,rabi,wheat
47,28,27,15.04,43.0,151.43,8.2,clay,3,zaid,wheat
106,25,43,39.23,56.9,165.45,7.76,clay,11,rabi,wheat
26,63,62,12.64,63.87,249.79,5.59,clay,2,rabi,wheat
45,26,142,27.21,83.38,221.14,5.59,clay,11,rabi,rice
10,80,133,35.59,57.31,235.7,8.39,sandy,2,rabi,wheat
20,46,170,22.67,86.09,30.01,4.55,sandy,11,rabi,wheat
57,8,185,33.47,31.49,243.59,4.99,sandy,6,kharif,rice
62,112,133,30.53,80.49,140.64,5.03,loamy,9,kharif,rice
12,31,26,17.74,48.52,143.14,4.92,loamy,9,kharif,maize
65,17,157,24.89,71.37,2.06,7.78,clay,9,kharif,maize
128,65,75,38.08,68.1,226.1,8.13,sandy,4,zaid,maize
76,52,185,36.13,67.58,67.11,7.13,sandy,9,kharif,maize
129,75,58,36.61,54.52,244.92,5.77,clay,12,rabi,rice
79,136,66,13.68,57.84,67.79,5.48,loamy,10,rabi,wheat
108,65,5,19.12,78.43,172.41,8.3,loamy,8,kharif,rice
15,19,32,29.77,40.74,176.53,5.8,loamy,7,kharif,maize
70,132,101,35.0,44.1,30.43,7.09,loamy,1,rabi,wheat
60,59,58,39.6,37.67,3.94,4.74,loamy,2,rabi,cotton
120,98,72,23.71,55.48,261.61,6.75,loamy,7,kharif,rice
109,30,114,17.73,70.89,31.87,5.64,sandy,5,zaid,maize
22,25,50,25.74,34.39,293.66,4.81,sandy,1,rabi,wheat
99,143,182,12.09,91.02,83.9,7.06,loamy,5,zaid,maize
95,12,107,35.26,48.9,92.96,8.06,sandy,1,rabi,wheat
12,23,189,34.26,83.69,128.51,5.55,loamy,8,kharif,rice
97,70,79,39.44,38.71,61.35,5.9,clay,6,kharif,maize
115,5,92,39.66,89.19,251.71,6.61,loamy,2,rabi,rice
21,65,148,23.82,52.09,181.28,4.66,sandy,5,zaid,maize
12,116,28,22.27,87.11,21.18,6.01,loamy,3,zaid,maize
97,131,134,37.43,91.15,154.7,6.53,clay,8,kharif,rice
71,48,175,30.52,65.32,43.54,5.78,loamy,8,kharif,maize
65,7,90,16.46,79.46,196.12,5.67,loamy,8,kharif,maize
44,70,60,39.05,55.4,212.69,5.71,loamy,8,kharif,rice
29,111,28,10.47,82.71,132.56,6.63,sandy,4,zaid,maize
127,32,45,16.18,57.29,216.38,7.3,loamy,10,rabi,wheat
53,50,18,23.7,92.62,147.14,6.85,loamy,8,kharif,rice
131,37,163,16.29,69.03,258.9,5.54,sandy,3,zaid,maize
135,63,29,38.15,70.03,239.14,7.41,sandy,11,rabi,wheat
112,31,103,13.34,38.43,5.94,6.38,clay,9,kharif,cotton
120,54,146,35.52,57.92,105.21,6.8,loamy,12,rabi,maize
98,37,204,26.54,42.66,272.05,6.4,loamy,7,kharif,rice
117,27,150,15.79,92.22,109.41,5.5,loamy,2,rabi,wheat
108,39,131,16.31,48.17,206.16,5.46,clay,2,rabi,wheat
126,70,45,25.83,30.22,36.96,4.69,clay,1,rabi,wheat
42,46,192,17.19,42.48,73.88,6.6,clay,4,zaid,wheat
27,73,178,22.27,39.48,48.28,5.5,sandy,11,rabi,wheat
115,25,51,33.86,70.79,246.94,6.93,loamy,6,kharif,rice
89,25,50,33.16,52.08,62.83,6.95,sandy,10,rabi,wheat
21,29,138,36.1,78.63,33.39,5.24,sandy,12,rabi,wheat
112,79,78,11.86,72.94,293.52,5.7,sandy,2,rabi,rice
132,115,161,27.48,90.4,247.98,5.31,sandy,5,zaid,rice
11,69,125,29.78,75.82,45.14,6.43,sandy,12,rabi,maize
25,136,148,34.15,38.28,232.37,6.14,loamy,3,zaid,maize
44,83,196,27.35,39.05,191.83,7.24,loamy,9,kharif,rice
122,115,50,22.51,94.79,27.07,8.16,sandy,12,rabi,wheat
34,12,89,23.46,68.64,111.24,5.25,clay,2,rabi,wheat
32,101,8,28.57,63.62,278.2,6.93,clay,8,kharif,rice
127,121,37,26.35,55.21,205.96,4.94,loamy,9,kharif,rice
32,114,118,29.49,79.17,294.35,6.79,loamy,9,kharif,rice
109,22,131,24.88,42.46,90.18,6.54,loamy,12,rabi,wheat
11,105,178,24.27,93.36,108.96,5.28,loamy,8,kharif,rice
113,26,133,32.98,83.41,144.6,8.01,loamy,2,rabi,rice
20,33,181,26.08,88.69,182.0,7.38,loamy,8,kharif,maize
93,108,92,14.02,66.28,232.26,5.16,sandy,2,rabi,wheat
34,89,69,34.68,82.97,98.1,7.47,loamy,11,rabi,wheat
75,117,146,36.9,69.03,289.63,7.4,loamy,12,rabi,wheat
36,50,146,10.86,72.73,234.85,6.75,clay,3,zaid,maize
93,47,64,39.14,41.57,178.62,7.74,clay,5,zaid,maize
65,115,21,32.59,35.76,254.61,5.15,clay,7,kharif,rice
64,132,27,35.15,56.92,140.59,7.16,loamy,10,rabi,wheat
41,6,170,13.88,62.26,275.05,6.08,clay,2,rabi,wheat
103,43,198,30.02,36.08,222.13,5.4,loamy,10,rabi,rice
134,90,55,10.66,48.08,226.89,6.41,sandy,7,kharif,cotton
51,23,154,34.14,34.09,294.46,5.11,sandy,11,rabi,rice
81,74,162,12.0,91.43,100.78,5.36,loamy,1,rabi,wheat
137,127,31,20.69,45.35,140.35,7.64,clay,6,kharif,cotton
25,54,195,18.4,66.43,204.69,4.8,sandy,3,zaid,maize
38,115,25,28.25,81.92,48.99,7.35,clay,1,rabi,wheat
27,92,12,36.54,78.34,115.68,8.37,clay,2,rabi,wheat
54,109,161,30.39,91.5,265.49,6.39,loamy,6,kharif,rice
68,57,204,34.17,66.71,191.26,5.7,sandy,4,zaid,maize
91,45,57,27.69,70.69,13.52,4.85,sandy,11,rabi,rice
23,86,107,34.25,50.25,118.41,7.82,loamy,6,kharif,cotton
26,89,133,19.23,91.42,173.79,5.0,sandy,1,rabi,wheat
105,54,109,36.46,31.92,169.57,5.6,sandy,8,kharif,rice
83,13,192,27.99,65.47,33.43,4.78,loamy,2,rabi,wheat
76,74,138,17.9,87.72,187.59,6.22,clay,9,kharif,rice
75,144,148,21.68,91.18,39.28,8.36,loamy,11,rabi,wheat
128,104,15,16.41,46.19,5.18,4.72,sandy,3,zaid,maize
18,14,187,36.04,68.64,144.6,7.86,loamy,4,zaid,maize
95,66,52,16.33,68.74,79.82,5.15,loamy,8,kharif,maize
78,37,168,14.3,81.33,204.1,5.41,sandy,10,rabi,wheat
35,128,151,35.77,59.44,263.39,4.67,loamy,3,zaid,maize
29,7,24,20.42,65.54,182.02,7.65,loamy,12,rabi,wheat
79,41,14,24.92,68.86,241.68,6.9,loamy,8,kharif,maize
21,100,49,13.66,75.24,66.98,6.19,sandy,10,rabi,wheat
17,113,165,22.48,52.55,105.29,6.08,clay,5,zaid,maize
58,32,97,30.78,74.54,39.97,6.78,loamy,3,zaid,maize
132,105,31,31.1,53.59,65.56,8.31,sandy,1,rabi,maize
100,28,171,32.95,59.95,92.1,6.71,loamy,9,kharif,cotton
100,122,120,18.27,54.62,136.65,6.02,clay,10,rabi,wheat
63,95,87,16.65,41.96,216.88,7.28,loamy,4,zaid,maize
113,113,96,20.3,36.88,156.21,8.36,loamy,5,zaid,rice
23,94,72,29.14,46.04,166.01,6.76,loamy,8,kharif,rice
128,144,10,30.93,63.28,173.66,5.43,clay,8,kharif,rice
134,72,7,31.43,55.29,86.19,7.29,sandy,1,rabi,maize
104,62,87,15.68,78.15,161.22,5.6,sandy,9,kharif,rice
116,10,130,37.55,61.15,91.16,4.52,loamy,5,zaid,maize
125,24,153,34.35,57.36,150.62,5.75,sandy,5,zaid,maize
136,105,33,39.75,44.93,220.09,7.34,clay,10,rabi,wheat
124,112,90,31.56,44.63,165.76,8.31,clay,6,kharif,cotton
105,81,5,24.41,68.24,173.11,4.92,sandy,3,zaid,maize
114,93,177,17.86,35.97,101.63,7.45,sandy,12,rabi,wheat
43,77,47,14.83,82.6,71.19,6.15,clay,4,zaid,maize
74,79,47,12.12,56.46,281.1,6.6,loamy,12,rabi,wheat
91,14,151,18.58,56.11,188.96,5.93,clay,5,zaid,maize
84,133,152,25.85,35.29,40.82,5.76,clay,6,kharif,rice
56,34,107,33.74,68.75,79.91,4.85,clay,3,zaid,maize
64,15,13,15.91,41.73,285.61,4.8,sandy,6,kharif,maize
39,109,50,15.57,52.71,83.72,7.19,sandy,11,rabi,wheat
93,96,100,23.31,32.06,139.81,7.76,sandy,4,zaid,maize
72,81,163,33.87,82.59,125.09,5.59,sandy,2,rabi,maize
101,72,95,38.95,48.92,96.31,7.92,sandy,2,rabi,wheat
89,21,181,17.64,86.49,299.02,8.02,sandy,1,rabi,wheat
23,23,68,27.34,72.06,136.94,8.21,clay,2,rabi,maize
133,31,120,14.15,33.36,220.62,4.96,sandy,3,zaid,maize
60,103,194,22.8,42.42,119.9,4.97,loamy,10,rabi,wheat
109,66,202,13.17,59.92,252.82,6.3,loamy,7,kharif,cotton
110,26,190,33.51,87.69,299.86,5.66,clay,8,kharif,rice
30,120,198,10.15,88.55,266.28,8.19,clay,9,kharif,rice
23,87,45,39.25,49.08,93.02,4.83,sandy,2,rabi,wheat
60,11,125,26.26,92.49,142.98,8.25,loamy,2,rabi,maize
14,20,54,16.0,37.21,278.98,7.45,loamy,5,zaid,maize
110,129,170,25.93,63.39,260.99,6.2,loamy,7,kharif,rice
20,69,83,20.55,39.68,17.99,7.84,loamy,4,zaid,maize
136,28,178,30.05,41.72,49.53,6.67,loamy,11,rabi,wheat
30,92,189,24.67,60.58,214.99,7.38,loamy,11,rabi,wheat
119,73,172,32.5,84.39,198.66,4.85,sandy,12,rabi,rice
59,142,7,23.78,40.36,117.3,6.23,clay,5,zaid,maize
67,43,111,35.58,93.73,94.04,7.33,loamy,11,rabi,wheat
111,29,113,17.73,34.36,145.37,5.86,sandy,11,rabi,maize
91,90,17,13.54,92.28,263.66,7.05,clay,8,kharif,rice
78,81,22,11.68,88.61,241.25,7.2,sandy,5,zaid,maize
57,76,64,37.07,43.38,222.31,7.0,loamy,5,zaid,maize
23,66,104,24.36,83.95,257.21,6.98,sandy,6,kharif,rice
79,47,15,29.72,83.69,122.11,5.71,clay,6,kharif,maize
137,114,173,12.36,52.24,62.75,6.65,loamy,3,zaid,maize
58,31,144,10.66,83.75,155.92,6.34,sandy,3,zaid,maize
90,16,103,27.09,84.61,272.12,4.8,sandy,1,rabi,rice
65,91,50,13.53,92.14,150.18,7.04,loamy,7,kharif,maize
93,63,158,19.46,69.1,282.72,5.4,clay,3,zaid,maize
107,36,9,25.6,44.1,142.05,5.51,clay,11,rabi,wheat
87,86,92,14.82,79.23,226.4,4.67,clay,8,kharif,rice
54,15,71,22.31,69.36,279.3,7.71,sandy,7,kharif,cotton
33,95,166,39.33,53.28,15.54,7.11,clay,6,kharif,maize
23,61,15,26.89,38.55,245.42,6.14,clay,6,kharif,rice
138,125,166,18.55,63.54,219.73,8.35,sandy,9,kharif,maize
38,75,25,22.86,93.38,287.28,4.6,loamy,7,kharif,rice
107,8,92,30.98,50.47,265.16,6.01,loamy,5,zaid,maize
32,115,48,29.36,51.2,266.3,6.36,loamy,4,zaid,maize
19,59,193,37.17,60.21,208.63,6.99,clay,3,zaid,maize
124,78,89,11.5,33.2,217.53,5.05,clay,3,zaid,rice
133,115,164,34.54,31.06,196.46,7.52,loamy,11,rabi,wheat
100,84,40,35.74,57.08,121.99,6.48,loamy,3,zaid,maize
12,139,154,31.44,77.04,75.33,5.49,sandy,12,rabi,maize
62,81,179,39.99,90.17,16.58,4.94,sandy,8,kharif,maize
27,37,42,17.9,80.5,217.73,7.28,sandy,10,rabi,wheat
40,121,184,17.23,56.09,6.68,5.43,clay,1,rabi,wheat
13,52,100,22.71,37.8,154.35,8.21,sandy,1,rabi,wheat
125,103,130,23.1,59.49,50.87,7.28,loamy,7,kharif,cotton
96,81,50,18.35,55.69,220.82,7.14,loamy,1,rabi,wheat
107,12,106,26.7,70.97,151.67,8.21,loamy,3,zaid,rice
24,12,129,34.62,60.98,16.65,5.71,sandy,9,kharif,maize
16,126,130,22.36,68.83,125.79,5.07,loamy,7,kharif,maize
84,73,16,30.9,67.05,275.02,6.82,loamy,3,zaid,maize
26,21,186,18.06,53.96,111.53,4.73,clay,9,kharif,maize
90,125,87,34.79,52.01,159.95,7.45,sandy,5,zaid,maize
124,122,194,22.57,78.26,41.24,5.52,sandy,8,kharif,maize
128,123,159,34.96,80.11,186.33,8.43,loamy,4,zaid,rice
40,96,199,10.1,79.97,51.13,4.89,sandy,8,kharif,maize
19,18,103,22.26,88.76,236.55,5.8,clay,11,rabi,rice
127,76,40,20.77,66.63,15.87,7.94,loamy,7,kharif,cotton
20,118,162,30.84,63.4,10.83,5.91,sandy,9,kharif,maize
108,7,131,17.03,71.14,269.14,7.59,sandy,4,zaid,maize
106,44,15,12.35,71.81,68.76,7.74,loamy,7,kharif,cotton
32,37,33,23.47,94.3,229.48,8.09,clay,3,zaid,maize
73,79,159,14.75,57.18,298.41,5.52,loamy,9,kharif,maize
115,114,24,28.7,70.59,68.02,6.72,sandy,8,kharif,maize
18,62,58,11.71,48.11,163.69,5.62,clay,3,zaid,rice
68,46,20,11.69,74.95,70.52,7.77,clay,5,zaid,maize
73,97,11,11.19,45.87,83.46,7.31,loamy,7,kharif,wheat
55,117,111,14.94,92.18,216.06,6.72,loamy,5,zaid,maize
119,8,13,30.24,55.33,20.12,7.86,loamy,1,rabi,cotton
90,47,13,17.04,35.28,29.09,8.47,loamy,7,kharif,cotton
111,50,121,33.36,51.06,180.3,8.2,clay,4,zaid,cotton
58,89,167,12.77,34.22,190.2,7.69,clay,1,rabi,wheat
137,75,122,19.65,48.46,273.02,4.54,loamy,11,rabi,wheat
97,107,27,13.72,45.48,269.43,6.2,sandy,1,rabi,wheat
136,130,35,16.56,55.05,194.8,4.78,sandy,10,rabi,wheat
106,111,128,34.71,87.06,128.27,5.06,clay,2,rabi,rice
120,126,120,38.74,63.72,180.67,4.53,loamy,8,kharif,rice
42,125,56,13.64,74.64,74.36,4.75,sandy,6,kharif,maize
46,98,165,18.67,83.33,110.53,7.5,sandy,10,rabi,maize
12,64,90,24.68,51.84,232.39,7.36,loamy,7,kharif,cotton
19,20,24,25.14,82.16,94.37,6.58,clay,8,kharif,maize
98,84,23,10.02,92.94,222.6,7.9,clay,4,zaid,maize
57,25,104,32.39,41.6,129.62,4.85,sandy,3,zaid,maize
64,95,82,18.95,42.52,20.7,5.91,clay,2,rabi,wheat
38,122,35,35.6,39.72,194.47,8.26,loamy,3,zaid,maize
29,121,43,33.37,62.59,3.87,6.0,loamy,12,rabi,cotton
136,38,16,23.7,38.69,5.51,7.92,clay,11,rabi,wheat
37,19,33,19.39,50.47,109.8,6.23,loamy,7,kharif,maize
61,44,95,33.45,69.21,226.78,8.36,sandy,11,rabi,maize
45,46,170,10.93,68.23,176.01,7.11,sandy,7,kharif,maize
116,135,60,23.64,82.18,126.34,5.81,clay,10,rabi,rice
39,91,162,12.14,37.29,186.28,5.19,clay,6,kharif,rice
127,11,199,34.27,34.24,239.89,5.45,sandy,4,zaid,rice
14,60,28,35.66,34.53,182.66,7.67,loamy,3,zaid,maize
15,52,80,19.03,68.56,217.95,5.81,loamy,3,zaid,maize
51,136,126,18.85,73.5,181.73,7.69,sandy,11,rabi,wheat
13,43,22,31.3,37.7,210.06,7.36,sandy,4,zaid,maize
45,113,113,34.85,50.7,247.71,5.89,loamy,1,rabi,wheat
17,63,66,16.41,61.11,146.4,7.18,clay,4,zaid,maize
83,41,40,36.54,85.91,256.74,7.38,sandy,11,rabi,wheat
100,113,156,21.85,65.76,234.64,4.59,sandy,4,zaid,maize
48,65,8,32.92,75.24,260.23,4.92,clay,5,zaid,maize
124,59,148,16.05,84.01,114.72,6.55,loamy,2,rabi,wheat
129,77,30,17.53,45.43,7.44,8.12,loamy,10,rabi,wheat
116,8,97,12.33,71.19,285.44,5.23,loamy,12,rabi,rice
73,46,157,35.95,56.08,269.35,6.81,clay,4,zaid,maize
96,127,146,27.66,62.93,108.51,8.25,clay,3,zaid,maize
39,139,147,10.01,78.87,160.3,8.47,clay,12,rabi,wheat
90,117,187,24.65,37.87,108.39,5.79,clay,1,rabi,maize
91,43,12,25.15,58.78,105.73,8.41,clay,6,kharif,maize
110,103,56,20.44,82.72,119.77,7.11,clay,7,kharif,rice
88,96,13,26.03,36.0,84.65,6.94,clay,3,zaid,maize
135,8,99,16.48,63.97,287.15,5.86,loamy,9,kharif,rice
66,10,140,23.25,84.66,208.03,6.97,sandy,1,rabi,rice
28,13,118,13.73,55.41,280.11,8.0,loamy,10,rabi,wheat
54,61,127,16.35,78.94,128.83,7.83,clay,3,zaid,maize
18,127,133,15.54,51.75,232.2,7.22,sandy,1,rabi,wheat
61,101,22,16.27,90.21,166.43,6.08,clay,10,rabi,wheat
129,93,171,10.8,71.49,171.93,7.68,loamy,5,zaid,maize
48,92,184,18.49,60.21,22.94,5.49,clay,7,kharif,maize
70,111,36,34.77,55.2,97.65,7.99,loamy,9,kharif,cotton
26,47,164,30.52,35.56,257.53,7.7,loamy,2,rabi,rice
97,52,155,36.27,63.2,75.75,5.94,sandy,8,kharif,maize
91,57,130,15.79,85.86,124.45,5.19,sandy,4,zaid,maize
13,116,57,39.21,50.07,139.09,6.08,clay,8,kharif,cotton
94,87,27,28.33,59.6,222.35,6.05,sandy,1,rabi,maize
133,117,110,36.42,74.57,299.34,4.57,clay,4,zaid,maize
26,57,124,28.6,66.71,234.62,6.58,sandy,6,kharif,rice
88,32,49,13.6,57.59,269.43,7.58,sandy,10,rabi,wheat
27,92,16,39.36,51.03,232.09,5.81,clay,10,rabi,wheat
83,84,95,12.38,38.81,37.01,4.88,sandy,6,kharif,maize
118,93,198,27.51,81.48,277.12,5.09,loamy,10,rabi,rice
34,121,185,15.27,91.3,13.13,6.28,loamy,12,rabi,wheat
74,53,116,18.62,32.52,112.07,6.95,sandy,2,rabi,maize
111,99,32,16.14,75.71,55.15,7.19,clay,4,zaid,maize
137,139,97,20.52,56.12,69.42,6.91,loamy,6,kharif,cotton
39,9,74,18.71,33.99,72.72,8.34,clay,1,rabi,wheat
113,113,37,34.04,63.86,270.58,6.51,clay,1,rabi,rice
62,61,163,11.65,50.33,38.52,8.38,sandy,8,kharif,maize
83,83,6,39.58,80.16,284.85,6.1,sandy,9,kharif,rice
119,17,197,28.25,33.45,142.71,6.58,clay,1,rabi,maize
138,117,17,28.34,65.88,207.53,6.58,sandy,2,rabi,maize
47,59,139,30.74,61.16,85.18,6.82,sandy,8,kharif,cotton
72,22,60,31.4,58.95,199.61,4.89,loamy,4,zaid,maize
35,63,101,32.46,36.89,136.51,8.06,clay,10,rabi,wheat
43,86,179,19.15,33.52,146.5,6.0,sandy,4,zaid,maize
58,82,148,22.02,86.12,2.9,6.56,loamy,7,kharif,rice
47,143,204,36.74,71.64,226.83,7.78,clay,4,zaid,maize
17,31,74,36.46,51.94,152.74,6.6,loamy,11,rabi,wheat
80,71,135,12.0,88.55,87.65,7.7,loamy,1,rabi,wheat
50,97,134,36.32,76.73,32.7,7.0,clay,3,zaid,maize
120,27,93,30.01,40.73,158.18,6.64,sandy,6,kharif,cotton
62,15,165,29.48,31.92,25.36,8.35,loamy,8,kharif,maize
46,120,193,18.09,48.93,139.46,6.12,loamy,10,rabi,wheat
65,141,118,32.44,63.7,276.11,6.21,loamy,9,kharif,rice
83,38,30,37.4,88.75,263.96,5.77,loamy,9,kharif,rice
78,41,5,27.61,47.95,296.81,7.5,clay,8,kharif,maize
89,8,131,21.79,63.27,280.94,6.5,clay,4,zaid,maize
70,84,111,39.96,69.47,286.69,5.23,sandy,12,rabi,maize
67,42,195,25.41,89.21,152.05,7.57,loamy,5,zaid,maize
125,74,74,26.64,31.71,176.42,7.17,clay,7,kharif,cotton
41,94,162,24.42,88.62,154.97,4.6,loamy,7,kharif,rice
11,66,202,15.35,88.5,45.93,7.53,sandy,9,kharif,cotton
34,92,42,12.16,79.4,51.4,6.39,clay,10,rabi,wheat
106,106,46,25.39,54.52,57.2,8.33,loamy,6,kharif,cotton
76,38,148,37.57,45.08,199.27,6.77,clay,10,rabi,wheat
90,8,65,37.12,48.36,65.3,5.85,sandy,5,zaid,maize
67,14,40,34.77,69.67,57.53,4.57,clay,2,rabi,cotton
102,42,145,29.32,78.1,104.8,6.81,clay,5,zaid,maize
139,134,145,38.5,62.64,89.65,6.57,loamy,11,rabi,wheat
20,133,81,30.91,88.29,124.62,5.33,clay,8,kharif,rice
61,23,104,28.03,39.02,291.13,7.05,sandy,6,kharif,maize
113,122,129,21.72,86.84,27.64,7.91,sandy,7,kharif,cotton
132,80,11,29.12,38.35,72.28,7.87,loamy,7,kharif,cotton
74,41,23,35.65,83.54,296.5,5.33,loamy,8,kharif,rice
72,100,101,33.36,56.13,208.04,8.27,sandy,3,zaid,maize
36,131,21,13.87,85.87,170.64,6.45,sandy,11,rabi,wheat
36,37,190,35.14,35.48,278.18,4.63,sandy,3,zaid,maize
10,42,154,31.14,80.3,257.29,8.17,loamy,9,kharif,rice
73,85,105,33.86,69.95,154.11,5.09,clay,2,rabi,rice
111,44,73,32.49,82.34,153.13,5.54,sandy,9,kharif,rice
85,85,150,35.88,70.06,159.89,6.22,loamy,9,kharif,rice
40,49,62,37.38,53.4,190.02,4.89,sandy,7,kharif,maize
13,26,40,36.1,71.71,143.81,5.14,clay,4,zaid,maize
74,50,100,39.64,81.03,120.97,7.17,sandy,5,zaid,maize
10,74,193,27.26,91.34,32.92,7.35,loamy,3,zaid,maize
35,34,113,24.07,81.11,192.04,5.96,loamy,5,zaid,maize
50,61,102,21.89,55.54,102.12,5.08,loamy,3,zaid,maize
20,100,183,16.8,37.83,58.99,7.34,loamy,11,rabi,wheat
69,76,99,18.33,70.99,20.59,4.82,loamy,7,kharif,maize
78,16,95,36.39,63.04,247.83,6.12,sandy,2,rabi,maize
60,134,13,36.97,41.18,202.21,5.6,loamy,9,kharif,maize
82,114,18,37.18,51.58,154.25,5.79,loamy,10,rabi,wheat
93,103,25,32.29,47.55,163.13,7.58,clay,11,rabi,cotton
47,8,190,13.06,66.36,12.5,7.47,clay,4,zaid,maize
26,90,191,29.62,40.19,204.68,5.56,sandy,3,zaid,maize
60,46,121,28.62,33.3,88.15,5.63,sandy,11,rabi,maize
12,32,14,29.71,77.69,68.31,5.41,loamy,6,kharif,maize
112,36,119,11.17,36.44,43.98,6.68,sandy,5,zaid,maize
27,13,81,25.79,52.67,292.57,5.54,clay,5,zaid,maize
43,50,57,14.8,49.84,69.2,6.68,sandy,11,rabi,wheat
137,96,126,28.15,94.64,77.24,6.16,sandy,5,zaid,maize
30,133,20,28.17,78.57,100.01,6.07,loamy,11,rabi,maize
54,140,115,25.04,92.02,267.47,6.42,clay,4,zaid,maize
117,108,7,33.1,75.03,233.77,5.08,sandy,9,kharif,rice
81,5,196,22.56,55.26,238.1,7.47,sandy,11,rabi,wheat
125,105,189,19.43,94.05,185.35,4.51,sandy,3,zaid,maize
52,57,146,36.11,38.25,214.65,7.85,clay,12,rabi,rice
126,59,21,26.35,72.56,191.3,5.92,sandy,1,rabi,rice
24,99,103,26.88,63.0,288.72,6.04,clay,5,zaid,maize
99,32,66,30.12,59.1,206.82,6.04,loamy,4,zaid,maize
18,53,194,11.18,78.51,140.63,7.14,sandy,9,kharif,maize
90,126,170,15.2,72.5,84.65,6.4,clay,7,kharif,maize
128,71,31,20.44,36.07,274.52,4.95,loamy,4,zaid,maize
92,68,140,25.57,85.36,81.42,5.77,loamy,8,kharif,rice
89,20,153,31.0,94.28,220.43,6.01,loamy,7,kharif,rice
81,58,10,34.4,52.46,15.58,5.13,clay,11,rabi,wheat
112,139,41,17.13,49.98,73.0,7.77,clay,9,kharif,cotton
47,21,181,35.85,64.44,64.75,6.86,clay,3,zaid,maize
57,80,171,14.96,91.09,204.97,4.55,loamy,9,kharif,rice
112,117,38,30.93,30.77,105.65,6.68,sandy,3,zaid,maize
120,100,22,11.95,76.16,23.78,7.14,loamy,12,rabi,wheat
64,80,164,21.25,42.74,103.73,8.14,sandy,9,kharif,maize
118,24,111,17.24,69.59,115.89,5.91,loamy,4,zaid,maize
125,9,166,29.94,76.29,31.1,5.34,loamy,12,rabi,wheat
104,92,190,16.39,45.15,129.68,5.92,sandy,5,zaid,maize
75,19,171,25.57,56.08,295.21,8.46,loamy,8,kharif,maize
109,83,135,12.5,52.88,188.19,6.94,loamy,10,rabi,wheat
53,43,96,15.38,94.0,219.84,5.24,loamy,4,zaid,rice
97,107,104,21.17,49.78,204.02,7.9,clay,3,zaid,cotton
82,143,190,13.24,79.49,72.65,5.98,clay,2,rabi,wheat
48,118,140,18.57,90.65,3.35,7.46,loamy,5,zaid,maize
59,88,112,22.05,63.19,265.2,6.82,loamy,11,rabi,wheat
22,40,8,26.9,87.39,284.85,7.34,sandy,8,kharif,rice
113,20,135,32.67,94.89,40.7,7.35,loamy,5,zaid,cotton
117,24,107,17.22,91.58,76.44,6.2,sandy,5,zaid,maize
21,41,128,30.11,45.93,119.77,6.85,clay,3,zaid,maize
132,37,44,19.72,47.54,5.64,5.63,loamy,8,kharif,maize
19,138,34,27.92,51.18,42.77,5.5,sandy,2,rabi,maize
59,119,110,33.66,38.1,259.84,4.69,sandy,7,kharif,rice
116,95,139,34.86,39.15,294.41,5.64,sandy,5,zaid,rice
118,68,135,28.73,70.38,278.8,6.01,clay,12,rabi,rice
122,110,73,23.98,66.16,126.03,7.84,sandy,10,rabi,maize
69,141,190,25.68,69.69,199.8,8.14,sandy,12,rabi,maize
113,91,73,25.05,63.59,64.36,7.08,clay,6,kharif,cotton
73,121,52,12.26,69.89,24.43,6.54,clay,12,rabi,wheat
110,43,202,20.98,66.33,18.56,7.5,clay,11,rabi,wheat
70,98,132,36.49,70.53,218.63,4.5,clay,1,rabi,wheat
130,104,154,27.62,64.46,71.41,8.48,clay,10,rabi,cotton
80,138,147,20.22,57.7,152.32,5.0,sandy,1,rabi,wheat
76,75,177,38.21,54.02,205.28,7.46,sandy,8,kharif,maize
106,84,62,20.48,82.71,72.49,8.0,loamy,8,kharif,cotton
43,78,165,39.61,53.28,22.62,7.75,loamy,6,kharif,cotton
59,47,74,22.26,53.62,148.2,7.16,loamy,4,zaid,maize
94,114,18,21.0,64.62,47.69,5.57,clay,9,kharif,maize
99,132,28,36.2,75.31,149.65,7.84,loamy,4,zaid,maize
93,113,130,16.38,30.2,39.82,6.16,sandy,7,kharif,maize
63,98,84,25.56,86.88,278.67,6.38,clay,10,rabi,rice
42,82,170,26.04,94.87,11.44,6.56,clay,11,rabi,rice
64,142,130,25.24,31.26,177.49,7.37,sandy,2,rabi,maize
134,98,37,10.66,79.85,119.78,7.55,loamy,3,zaid,maize
51,8,169,39.28,71.26,88.4,6.03,clay,7,kharif,maize
18,109,180,22.55,88.97,153.69,5.57,clay,7,kharif,rice
105,112,179,18.49,75.61,124.72,8.04,loamy,1,rabi,wheat
82,126,175,13.36,60.6,69.69,7.17,loamy,4,zaid,maize
124,41,114,20.6,94.19,232.64,4.6,clay,8,kharif,rice
112,75,107,36.1,52.8,187.18,6.62,sandy,9,kharif,cotton
29,83,110,24.54,57.99,234.61,5.94,clay,4,zaid,maize
78,67,183,24.6,71.61,107.41,7.56,sandy,5,zaid,maize
29,12,182,13.25,30.31,142.51,5.11,loamy,4,zaid,maize
128,140,147,15.28,87.41,216.56,7.66,loamy,11,rabi,wheat
109,19,82,18.08,55.67,64.29,6.71,loamy,12,rabi,wheat
40,75,86,31.62,68.13,188.38,8.49,loamy,8,kharif,rice
119,60,203,30.21,82.65,72.14,5.75,loamy,11,rabi,rice
123,118,186,19.92,90.98,104.04,7.2,sandy,9,kharif,maize
85,28,6,28.89,39.93,205.25,5.49,sandy,1,rabi,rice
101,129,192,25.48,44.13,230.9,8.23,loamy,10,rabi,wheat
50,61,57,36.31,53.03,26.22,5.84,sandy,9,kharif,maize
28,11,79,14.9,54.96,133.72,6.82,loamy,9,kharif,maize
30,48,49,25.0,72.24,113.29,6.01,sandy,7,kharif,maize
40,131,133,38.87,45.72,58.92,4.89,sandy,12,rabi,wheat
97,21,70,18.12,37.1,181.07,5.75,loamy,2,rabi,wheat
124,97,48,29.5,69.65,25.74,5.77,sandy,5,zaid,maize
61,70,20,27.21,34.47,131.17,6.31,loamy,12,rabi,maize
103,138,72,15.38,30.77,115.35,7.0,loamy,12,rabi,wheat
18,85,204,34.11,79.84,218.1,5.04,sandy,2,rabi,rice
33,67,13,18.8,94.43,74.68,7.82,loamy,6,kharif,maize
22,54,40,23.73,89.65,43.0,6.69,clay,6,kharif,rice
39,63,95,31.47,79.33,21.01,6.35,loamy,3,zaid,maize
49,89,195,21.74,82.82,12.06,4.86,loamy,5,zaid,maize
53,123,7,38.69,37.12,238.62,7.25,clay,1,rabi,wheat
80,95,88,17.95,85.41,248.06,4.6,clay,10,rabi,wheat
50,52,102,31.9,58.53,176.49,5.99,loamy,11,rabi,maize
77,27,159,31.9,83.12,20.69,5.52,loamy,2,rabi,maize
109,60,100,25.51,83.65,25.04,8.49,clay,1,rabi,rice
54,89,182,39.78,67.89,133.01,5.68,sandy,6,kharif,maize
54,75,86,13.58,79.15,69.09,6.83,loamy,6,kharif,maize
24,23,6,13.91,92.94,108.58,5.5,loamy,2,rabi,wheat
83,106,130,22.46,65.22,187.62,5.99,sandy,2,rabi,maize
13,76,171,32.92,87.57,297.99,5.52,sandy,3,zaid,maize
69,122,143,20.23,66.58,18.83,7.11,sandy,1,rabi,maize
42,93,15,37.28,56.03,123.86,7.13,clay,11,rabi,wheat
131,23,15,18.62,84.32,99.27,5.21,sandy,5,zaid,maize
108,94,5,26.01,48.46,23.65,8.27,clay,12,rabi,wheat
124,66,102,17.46,73.86,55.29,4.79,sandy,4,zaid,maize
112,57,159,11.59,68.95,151.77,8.39,clay,4,zaid,cotton
71,138,185,12.04,74.74,232.37,7.51,loamy,3,zaid,maize
42,130,38,12.75,72.52,203.17,6.83,loamy,5,zaid,maize
24,99,72,13.72,88.2,161.28,6.66,sandy,6,kharif,rice
45,17,181,26.51,35.71,207.64,7.02,sandy,12,rabi,wheat
109,78,170,13.5,77.41,24.57,4.73,loamy,4,zaid,maize
50,25,153,13.05,56.43,119.48,4.77,loamy,4,zaid,maize
35,82,196,14.83,91.66,87.27,7.86,clay,2,rabi,wheat
37,14,65,16.99,75.3,156.61,8.36,sandy,2,rabi,wheat
72,54,150,37.14,73.06,243.54,8.27,clay,7,kharif,rice
43,6,49,38.19,93.35,156.27,6.41,loamy,11,rabi,wheat
103,59,115,23.72,49.06,53.12,6.28,sandy,4,zaid,cotton
96,144,175,37.6,76.91,39.77,5.9,sandy,8,kharif,maize
83,85,62,27.83,77.34,278.77,5.09,sandy,11,rabi,rice
85,76,166,15.62,62.53,66.24,4.59,clay,4,zaid,maize
29,39,200,29.94,64.37,145.64,4.52,sandy,2,rabi,maize
56,42,106,19.72,87.85,199.89,7.26,loamy,12,rabi,wheat
134,88,75,29.93,40.85,182.2,7.86,clay,4,zaid,cotton
77,29,22,20.71,73.25,29.97,4.53,loamy,1,rabi,wheat
43,138,51,11.35,90.8,127.24,5.76,sandy,5,zaid,maize
117,105,93,35.67,72.13,211.34,6.44,loamy,4,zaid,maize
58,66,105,36.88,55.76,168.3,6.47,loamy,3,zaid,maize
116,119,143,14.72,56.31,187.62,5.51,clay,10,rabi,wheat
25,19,165,19.65,88.37,4.76,6.03,clay,1,rabi,wheat
133,11,16,35.36,69.05,125.44,6.43,loamy,12,rabi,maize
18,111,112,21.01,81.3,6.82,6.7,loamy,11,rabi,wheat
11,7,20,36.45,43.89,152.91,7.38,sandy,1,rabi,wheat
42,144,109,35.06,76.11,258.03,4.59,sandy,11,rabi,rice
74,132,182,33.99,60.41,125.28,5.22,clay,5,zaid,maize
124,107,192,21.94,58.95,31.86,6.58,clay,1,rabi,wheat
127,89,200,23.72,57.08,151.25,6.16,loamy,12,rabi,wheat
26,91,110,21.1,50.35,159.01,7.74,sandy,5,zaid,maize
114,132,182,33.31,79.33,238.91,7.43,loamy,7,kharif,rice
47,100,10,30.03,33.93,99.99,8.14,loamy,4,zaid,maize
108,11,9,32.27,61.79,171.74,5.4,loamy,3,zaid,rice
61,35,142,29.62,41.93,116.96,5.38,sandy,11,rabi,maize
126,44,126,33.72,45.31,197.1,4.87,sandy,4,zaid,cotton
83,32,117,18.24,73.32,185.89,6.89,loamy,6,kharif,maize
102,76,75,25.85,73.9,221.6,6.59,sandy,11,rabi,rice
23,131,200,18.82,93.59,240.88,7.65,clay,10,rabi,wheat
23,114,189,39.87,45.37,219.49,5.75,clay,7,kharif,rice
95,55,152,36.28,63.93,77.41,7.31,sandy,12,rabi,maize
38,30,87,16.07,83.39,281.76,5.14,sandy,9,kharif,rice
92,74,19,31.77,51.31,210.83,5.21,clay,5,zaid,maize
21,71,183,33.57,73.37,208.46,8.44,loamy,4,zaid,rice
56,118,67,11.94,92.09,104.64,6.75,loamy,5,zaid,maize
40,125,153,12.79,76.87,152.01,8.33,clay,7,kharif,rice
139,34,49,21.02,70.28,152.39,5.62,clay,5,zaid,maize
133,8,85,29.43,86.5,171.16,5.21,sandy,7,kharif,rice
78,116,80,16.65,92.75,20.76,7.08,sandy,9,kharif,maize
91,134,174,38.37,49.87,129.72,7.18,clay,7,kharif,maize
76,118,141,23.81,61.49,143.84,6.34,loamy,8,kharif,maize
79,86,83,14.69,60.2,195.74,8.16,sandy,1,rabi,wheat
54,86,168,14.14,37.13,165.77,5.0,sandy,9,kharif,rice
138,130,76,14.03,39.35,162.44,7.51,sandy,7,kharif,cotton
46,46,36,22.3,32.85,147.5,6.15,loamy,4,zaid,maize
136,87,48,37.23,31.44,182.83,5.97,sandy,2,rabi,wheat
106,105,49,31.28,35.42,47.01,7.74,loamy,3,zaid,maize
12,65,132,37.18,60.71,95.15,5.3,clay,3,zaid,maize
11,17,5,14.57,46.8,211.93,7.47,loamy,6,kharif,cotton
95,120,111,30.43,74.51,176.78,5.99,sandy,8,kharif,rice
25,109,98,30.58,43.83,58.87,6.5,sandy,9,kharif,cotton
63,27,152,33.62,73.96,58.63,7.75,sandy,6,kharif,maize
60,115,19,26.0,82.73,188.18,8.19,sandy,4,zaid,maize
126,58,123,29.23,92.12,12.26,6.72,sandy,11,rabi,rice
37,36,182,17.95,44.7,128.07,5.76,loamy,4,zaid,maize
106,112,123,31.63,30.95,24.09,5.97,clay,6,kharif,rice
134,127,200,38.61,57.15,194.58,4.9,sandy,5,zaid,maize
17,72,202,30.31,68.55,151.73,4.84,clay,11,rabi,maize
119,75,74,17.38,48.37,273.67,5.11,clay,9,kharif,rice
35,39,35,17.15,73.13,59.78,5.36,loamy,4,zaid,maize
28,117,64,30.29,46.28,62.94,7.43,loamy,4,zaid,maize
126,68,48,28.3,58.07,183.5,7.62,loamy,12,rabi,cotton
64,80,123,10.17,41.13,17.59,5.34,loamy,4,zaid,maize
60,10,28,34.24,80.39,20.57,4.88,sandy,10,rabi,rice
98,132,191,23.44,48.74,193.65,6.98,loamy,6,kharif,rice
23,79,175,24.1,44.48,219.8,7.24,clay,5,zaid,maize
13,5,69,32.83,60.19,222.15,5.5,clay,11,rabi,rice
84,7,179,37.24,72.77,197.1,7.65,clay,7,kharif,rice
30,68,55,25.42,73.0,203.97,4.63,clay,7,kharif,rice
68,124,139,18.6,38.06,110.17,6.2,loamy,5,zaid,maize
84,133,151,32.11,54.21,115.56,7.55,loamy,11,rabi,wheat
139,85,99,15.45,74.45,28.09,7.65,clay,10,rabi,wheat
34,79,119,11.21,66.48,214.14,8.02,sandy,2,rabi,wheat
69,23,79,14.0,49.2,95.94,8.04,clay,1,rabi,wheat
79,15,94,26.55,69.67,279.0,8.21,clay,3,zaid,maize
23,57,67,15.7,71.18,219.24,6.39,loamy,4,zaid,maize
47,137,101,16.91,93.94,199.9,8.05,loamy,7,kharif,rice
138,89,142,17.8,33.57,165.04,4.57,loamy,3,zaid,maize
73,40,166,25.86,72.98,153.85,5.36,clay,11,rabi,rice
58,113,19,27.7,94.98,181.48,4.61,sandy,2,rabi,rice
87,105,181,16.07,42.57,93.35,4.63,loamy,2,rabi,wheat
83,35,56,20.26,81.48,20.04,8.35,sandy,10,rabi,wheat
46,35,108,32.05,89.82,8.33,5.71,clay,11,rabi,rice
138,107,10,12.22,57.82,247.43,6.19,loamy,8,kharif,rice
107,54,183,38.06,48.69,242.43,5.22,clay,4,zaid,rice
57,144,84,32.39,55.02,109.15,8.08,clay,1,rabi,wheat
59,105,161,16.21,64.6,97.0,7.18,sandy,4,zaid,maize
14,124,48,38.46,69.55,268.53,5.35,clay,2,rabi,rice
135,91,43,15.82,79.86,136.81,8.04,clay,10,rabi,wheat
126,75,134,33.4,90.14,221.21,6.48,loamy,3,zaid,rice
124,65,139,25.51,41.96,131.86,6.0,sandy,10,rabi,maize
133,129,190,36.2,52.84,187.03,6.08,clay,4,zaid,maize
132,122,128,28.76,54.19,233.09,6.55,clay,3,zaid,maize
54,62,69,39.78,79.78,43.66,7.88,loamy,6,kharif,maize
32,108,72,31.24,53.31,163.95,6.09,loamy,6,kharif,maize
28,23,101,24.82,58.42,149.53,7.66,loamy,1,rabi,wheat
116,10,126,17.17,43.14,278.94,5.01,loamy,3,zaid,rice
55,76,113,11.14,73.13,284.15,8.33,loamy,9,kharif,rice
138,118,178,23.56,59.45,208.1,5.0,loamy,6,kharif,rice
44,81,86,26.6,57.4,218.07,4.63,clay,10,rabi,wheat
76,42,35,30.59,87.17,24.68,6.16,loamy,11,rabi,wheat
43,72,12,31.3,67.5,90.07,4.85,sandy,1,rabi,maize
124,16,165,26.53,92.35,102.05,5.73,sandy,4,zaid,maize
101,42,89,37.6,86.92,263.87,7.97,clay,7,kharif,rice
126,87,184,33.72,91.0,29.77,8.16,sandy,9,kharif,cotton
51,131,119,37.97,30.56,28.64,6.71,sandy,11,rabi,wheat
17,123,21,21.53,41.92,246.42,6.07,clay,1,rabi,wheat
104,36,111,28.95,62.89,34.95,5.68,sandy,7,kharif,maize
115,48,196,39.99,80.5,217.3,6.78,loamy,5,zaid,rice
18,36,165,15.57,63.62,27.07,7.77,loamy,3,zaid,maize
80,119,115,17.13,53.61,230.06,6.99,loamy,4,zaid,maize
26,52,131,22.2,89.13,177.4,6.54,loamy,9,kharif,rice
39,75,47,18.27,89.04,178.42,6.25,sandy,7,kharif,rice
23,104,117,12.21,45.09,112.77,6.61,clay,8,kharif,maize
25,136,134,18.46,62.86,36.38,6.26,sandy,9,kharif,maize
87,69,25,33.1,66.71,121.4,6.12,clay,9,kharif,maize
19,93,126,37.89,39.37,105.8,5.32,clay,10,rabi,wheat
126,107,185,36.85,70.11,139.9,7.28,loamy,5,zaid,maize
17,25,170,31.37,68.49,57.99,5.93,clay,6,kharif,maize
95,8,33,30.47,72.83,5.8,4.6,clay,1,rabi,maize
121,125,152,20.83,71.31,285.5,5.09,loamy,2,rabi,rice
95,89,148,23.5,82.98,238.36,5.85,sandy,4,zaid,maize
134,37,85,24.26,73.7,249.0,8.48,clay,5,zaid,maize
72,52,124,14.98,64.7,143.67,5.26,loamy,2,rabi,maize
131,123,122,26.54,39.0,35.12,7.82,sandy,1,rabi,wheat
51,103,127,38.26,63.22,178.07,6.88,loamy,7,kharif,cotton
80,17,70,38.99,83.01,59.07,6.42,loamy,8,kharif,maize
58,6,173,13.23,85.78,287.67,5.98,sandy,4,zaid,maize
51,97,162,23.07,35.19,81.66,6.45,clay,8,kharif,maize
10,140,143,18.95,77.95,70.23,5.15,loamy,9,kharif,maize
103,116,46,13.43,50.09,98.23,8.04,loamy,2,rabi,wheat
67,141,189,31.8,51.28,143.91,8.42,loamy,8,kharif,maize
50,107,128,32.04,73.41,270.82,4.8,sandy,12,rabi,rice
26,105,119,35.54,61.36,267.86,6.27,clay,6,kharif,rice
135,85,153,23.34,88.42,245.38,6.37,loamy,6,kharif,rice
132,39,163,39.67,73.47,284.35,5.73,sandy,11,rabi,rice
122,82,59,15.11,48.18,178.23,7.95,clay,6,kharif,cotton
70,71,181,29.28,45.03,156.6,8.44,sandy,5,zaid,maize
109,62,168,20.55,91.06,189.54,7.2,clay,1,rabi,wheat
114,13,153,34.13,57.95,291.04,5.04,loamy,5,zaid,rice
84,104,127,24.88,45.02,66.32,5.21,sandy,12,rabi,wheat
33,91,10,38.07,41.26,138.9,4.95,loamy,6,kharif,cotton
119,143,13,37.83,92.94,80.09,5.21,clay,8,kharif,rice
132,85,115,15.6,62.3,262.43,7.38,sandy,2,rabi,wheat
40,142,176,24.07,85.77,147.7,6.37,clay,1,rabi,wheat
67,23,13,31.37,94.67,255.07,5.97,sandy,6,kharif,rice
45,78,62,25.78,68.49,258.82,6.54,loamy,6,kharif,cotton
45,114,29,35.75,69.88,48.47,7.01,sandy,4,zaid,maize
63,28,53,28.24,94.85,185.02,5.12,sandy,2,rabi,rice
24,107,87,27.96,72.68,276.27,7.13,loamy,12,rabi,maize
36,74,181,16.55,93.74,157.41,7.4,clay,2,rabi,wheat
15,112,161,15.67,34.65,233.14,5.59,clay,12,rabi,wheat
132,117,27,16.78,58.62,94.0,8.14,sandy,8,kharif,maize
19,119,157,11.36,31.07,135.97,4.81,clay,12,rabi,wheat
102,144,187,24.38,77.92,174.49,6.32,sandy,6,kharif,rice
55,129,191,24.4,46.16,119.88,5.17,clay,4,zaid,maize
75,44,146,37.73,35.3,273.51,8.01,loamy,10,rabi,wheat
81,124,107,39.14,86.47,251.71,5.28,clay,2,rabi,rice
57,74,120,36.36,65.89,63.79,5.7,clay,5,zaid,maize
41,44,123,13.72,55.98,214.66,5.88,loamy,1,rabi,wheat
51,49,150,27.16,91.82,240.86,7.37,loamy,4,zaid,maize
105,71,153,39.79,54.92,55.2,8.09,sandy,11,rabi,wheat
54,20,35,29.95,67.3,140.98,4.91,loamy,4,zaid,maize
89,13,123,33.86,31.68,93.32,4.52,loamy,3,zaid,maize
76,70,150,17.94,34.53,89.66,8.24,clay,11,rabi,wheat
99,104,188,13.97,50.57,195.77,6.29,loamy,12,rabi,wheat
71,140,50,21.96,46.84,96.9,5.34,sandy,6,kharif,maize
131,18,113,31.93,40.0,143.41,5.91,sandy,2,rabi,maize
87,12,121,25.65,72.62,65.55,6.77,loamy,3,zaid,maize
16,11,60,12.16,89.34,276.44,4.79,loamy,10,rabi,wheat
90,96,39,20.58,86.17,251.21,5.97,clay,1,rabi,rice
100,23,33,13.63,82.93,231.6,5.55,loamy,10,rabi,rice
85,64,35,15.95,51.84,20.93,5.44,loamy,1,rabi,wheat
83,98,131,30.2,33.02,113.07,7.3,clay,11,rabi,wheat
31,56,202,15.6,32.69,253.57,6.58,clay,11,rabi,wheat
94,89,144,11.45,59.6,183.44,4.84,sandy,11,rabi,wheat
33,29,51,22.82,81.23,94.52,5.87,loamy,6,kharif,maize
99,23,66,14.35,63.74,184.89,4.78,clay,9,kharif,rice
94,52,197,11.57,60.34,25.57,7.21,sandy,10,rabi,maize
20,91,6,34.1,87.06,32.65,4.7,clay,9,kharif,rice
76,107,92,19.06,45.09,43.36,5.62,clay,6,kharif,maize
66,50,172,35.97,63.69,76.97,5.63,clay,2,rabi,maize
75,82,143,31.79,71.01,120.19,8.13,loamy,1,rabi,maize
120,135,92,12.87,30.73,274.64,7.34,clay,6,kharif,cotton
74,14,105,36.78,46.4,101.69,8.33,loamy,8,kharif,maize
74,77,104,20.66,69.37,153.98,5.51,clay,5,zaid,maize
33,16,65,30.73,35.03,164.0,6.81,loamy,5,zaid,maize
64,28,82,26.06,55.8,71.81,7.14,clay,12,rabi,maize
110,14,12,15.3,91.16,40.49,6.76,sandy,4,zaid,wheat
76,50,134,32.86,48.22,62.27,7.75,clay,11,rabi,wheat
91,115,38,34.87,38.47,200.27,8.3,loamy,2,rabi,wheat
12,106,140,33.84,58.33,192.32,7.34,loamy,9,kharif,cotton
13,7,31,20.07,92.7,62.76,4.92,sandy,4,zaid,maize
139,51,62,38.78,59.04,55.1,7.56,loamy,11,rabi,wheat
25,134,45,13.7,45.11,112.1,7.37,sandy,4,zaid,maize
70,19,70,10.07,86.43,65.38,7.76,clay,1,rabi,wheat
121,123,52,38.06,72.84,97.27,7.33,clay,3,zaid,maize
19,128,47,33.59,48.54,6.39,7.63,clay,1,rabi,wheat
42,88,127,18.64,39.91,56.17,5.61,clay,5,zaid,maize
60,109,66,30.78,82.74,138.03,6.65,clay,3,zaid,maize
110,139,60,24.02,40.57,279.07,6.68,loamy,8,kharif,cotton
62,110,25,21.35,43.98,155.13,5.59,loamy,1,rabi,wheat
130,39,149,12.78,74.71,38.23,7.35,loamy,9,kharif,maize
78,76,127,35.92,79.75,127.74,8.18,loamy,7,kharif,maize
106,27,172,17.96,67.95,100.79,7.33,clay,9,kharif,cotton
43,84,27,14.61,67.03,187.54,8.19,loamy,8,kharif,rice
42,130,190,14.56,54.62,243.5,6.05,clay,12,rabi,wheat
28,45,139,21.57,85.75,189.14,8.31,sandy,5,zaid,maize
137,113,138,20.1,59.35,270.16,7.66,sandy,7,kharif,cotton
137,45,119,25.39,35.13,248.6,6.27,clay,7,kharif,rice
106,43,13,32.29,32.44,149.49,5.96,sandy,11,rabi,wheat
77,114,21,18.15,35.51,207.89,8.06,sandy,3,zaid,maize
93,98,40,26.62,46.55,164.15,5.16,clay,2,rabi,wheat
110,65,6,12.43,92.51,285.45,7.06,sandy,2,rabi,wheat
51,93,145,35.57,66.65,254.75,4.83,sandy,6,kharif,maize
43,111,12,30.92,35.24,131.24,7.68,sandy,8,kharif,maize
26,19,147,20.28,64.74,277.45,7.96,loamy,3,zaid,maize
111,22,142,31.24,93.56,239.57,7.95,loamy,9,kharif,rice
127,79,5,21.21,82.08,73.87,7.05,clay,10,rabi,wheat
43,58,53,20.58,80.33,217.58,6.77,loamy,6,kharif,rice
106,23,108,24.28,63.69,284.95,6.17,sandy,1,rabi,wheat
138,132,186,32.68,73.72,181.59,8.44,sandy,6,kharif,rice
52,40,194,20.07,94.29,219.81,5.27,loamy,9,kharif,rice
139,81,195,29.86,43.52,239.81,4.53,sandy,1,rabi,wheat
55,82,53,34.08,43.68,179.0,5.5,loamy,6,kharif,rice
86,45,138,31.57,68.66,105.88,7.9,loamy,10,rabi,maize
114,118,108,10.4,75.23,241.95,6.13,sandy,2,rabi,wheat
137,43,188,29.35,40.92,116.57,4.54,clay,3,zaid,maize
44,21,110,11.71,94.8,177.56,7.26,clay,3,zaid,maize
138,103,88,21.62,66.58,295.42,5.37,clay,10,rabi,rice
104,132,40,28.79,89.69,99.29,7.05,sandy,7,kharif,maize
34,120,195,36.05,57.01,112.94,8.36,clay,4,zaid,maize
78,131,52,14.72,60.8,237.72,7.16,clay,2,rabi,wheat
111,7,120,20.28,77.63,132.12,6.47,clay,5,zaid,maize
35,111,44,17.49,55.7,118.9,6.83,clay,6,kharif,maize
59,95,128,11.49,77.74,200.24,6.15,loamy,10,rabi,wheat
97,143,118,36.69,58.47,242.87,6.92,clay,1,rabi,wheat
124,12,202,25.31,48.86,38.3,8.29,sandy,4,zaid,maize
126,54,203,20.03,45.6,33.32,5.45,clay,8,kharif,cotton
128,98,147,21.87,45.9,64.63,6.11,loamy,12,rabi,wheat
33,26,121,30.62,63.37,36.79,7.35,loamy,12,rabi,wheat
138,143,12,37.53,88.99,20.74,8.3,sandy,1,rabi,wheat
61,83,197,14.12,52.62,246.88,4.75,clay,10,rabi,wheat
56,108,83,28.71,57.09,250.27,7.7,clay,3,zaid,maize
14,52,129,17.36,67.18,249.8,7.7,loamy,12,rabi,cotton
23,83,26,17.31,37.0,128.1,5.02,clay,7,kharif,maize
22,111,43,25.25,64.75,295.21,6.93,clay,10,rabi,wheat
104,61,26,24.42,56.23,25.96,7.63,sandy,11,rabi,wheat
101,126,164,29.16,94.46,92.36,6.25,loamy,4,zaid,maize
73,20,31,12.53,58.47,267.42,7.94,loamy,7,kharif,maize
65,23,93,24.4,42.83,227.38,5.43,sandy,8,kharif,maize
130,32,95,15.13,52.56,165.71,8.25,sandy,7,kharif,maize
92,48,118,15.44,60.16,161.53,7.0,clay,12,rabi,wheat
119,77,158,21.81,85.65,27.11,7.2,clay,2,rabi,wheat
106,131,11,36.04,42.6,243.45,4.75,loamy,6,kharif,cotton
41,78,11,33.83,46.35,266.39,5.27,loamy,7,kharif,rice
47,47,181,19.31,42.28,279.79,5.41,sandy,2,rabi,wheat
109,53,194,13.71,49.51,193.26,5.97,loamy,12,rabi,wheat
73,26,194,36.85,37.38,106.59,7.66,sandy,5,zaid,maize
38,22,51,23.0,55.39,97.41,6.52,loamy,1,rabi,wheat
44,73,49,23.45,51.68,156.52,7.47,clay,9,kharif,cotton
84,94,32,34.61,40.21,19.16,6.24,loamy,1,rabi,wheat
27,70,54,26.43,51.32,40.97,8.11,clay,7,kharif,maize
99,89,70,19.46,82.28,75.36,4.66,loamy,3,zaid,maize
84,31,52,22.12,35.11,170.42,6.98,sandy,9,kharif,maize
11,41,62,22.66,41.81,266.55,7.12,sandy,2,rabi,wheat
28,47,109,25.54,40.85,48.96,5.49,loamy,9,kharif,rice
25,25,44,17.04,78.78,95.46,6.62,loamy,7,kharif,maize
53,28,20,37.83,52.39,90.09,8.39,loamy,3,zaid,maize
34,112,89,22.91,56.46,65.29,6.33,clay,11,rabi,wheat
48,100,56,36.52,87.92,277.11,4.61,sandy,7,kharif,rice
49,91,73,13.43,84.82,256.62,5.11,sandy,9,kharif,rice
18,84,51,22.26,50.93,102.62,6.45,loamy,6,kharif,maize
54,33,78,15.46,79.18,72.47,5.08,clay,2,rabi,wheat
101,47,177,33.38,70.9,91.07,5.98,clay,12,rabi,rice
51,41,167,26.71,46.74,15.71,4.95,clay,5,zaid,maize
49,80,119,17.28,53.96,76.02,6.55,sandy,8,kharif,maize
137,19,7,38.15,82.88,75.41,6.48,sandy,6,kharif,maize
121,6,169,24.22,58.22,228.13,7.7,loamy,1,rabi,wheat
18,47,104,24.69,50.06,70.92,7.76,sandy,2,rabi,wheat
132,144,44,21.07,85.33,98.78,5.2,clay,9,kharif,rice
43,27,101,39.24,93.46,55.98,5.01,sandy,1,rabi,wheat
32,51,39,32.22,34.57,237.62,4.98,sandy,12,rabi,rice
121,88,36,33.42,30.93,41.35,7.11,clay,7,kharif,cotton
48,137,168,32.89,89.87,135.81,5.88,clay,11,rabi,rice
26,18,178,31.91,70.19,4.91,4.64,sandy,1,rabi,maize
57,67,171,14.01,55.22,75.46,7.82,loamy,2,rabi,wheat
97,44,173,19.8,48.88,122.03,4.77,sandy,5,zaid,maize
105,94,10,19.98,89.26,20.54,8.24,loamy,8,kharif,rice
15,76,203,32.98,63.91,113.75,5.3,loamy,12,rabi,cotton
69,71,44,15.97,30.07,182.31,7.0,sandy,5,zaid,maize
128,101,98,27.87,88.35,225.25,4.64,sandy,12,rabi,rice
87,125,157,22.86,76.68,143.98,5.0,clay,8,kharif,maize
38,106,44,23.21,55.84,33.62,7.82,sandy,9,kharif,maize
62,42,50,37.68,52.39,72.73,5.31,sandy,6,kharif,maize
115,58,7,17.66,53.62,172.66,5.95,loamy,2,rabi,wheat
124,140,175,19.2,47.63,233.44,7.87,clay,9,kharif,cotton
119,49,62,15.47,38.12,52.01,5.37,loamy,11,rabi,wheat
66,20,59,39.78,58.24,252.88,6.58,sandy,9,kharif,maize
18,51,8,29.38,59.47,113.37,5.06,loamy,7,kharif,maize
30,57,101,39.63,47.27,151.37,6.1,clay,5,zaid,maize
68,32,129,38.09,31.34,242.61,5.51,sandy,9,kharif,maize
57,37,189,37.54,34.28,165.09,5.06,loamy,4,zaid,maize
125,129,138,15.65,36.18,151.99,7.47,loamy,6,kharif,cotton
111,7,73,35.85,45.93,144.91,4.58,clay,3,zaid,maize
114,54,133,27.07,86.26,193.1,4.94,sandy,12,rabi,rice
62,39,186,23.57,46.74,54.36,6.13,clay,8,kharif,maize
43,108,169,11.16,38.72,154.64,7.99,sandy,7,kharif,rice
31,55,179,21.24,60.04,218.67,5.23,clay,5,zaid,maize
45,60,127,32.18,72.79,178.01,8.32,sandy,6,kharif,rice
12,131,191,26.71,42.28,254.47,8.3,clay,12,rabi,wheat
34,69,40,10.05,75.75,164.34,5.07,clay,12,rabi,rice
77,29,6,10.64,44.96,170.81,8.23,sandy,12,rabi,wheat
65,14,185,36.28,92.39,262.51,8.21,loamy,7,kharif,rice
87,97,76,10.2,54.19,71.5,7.63,sandy,4,zaid,maize
73,61,101,13.73,67.86,175.69,5.4,clay,2,rabi,wheat
121,24,196,38.43,83.97,12.4,7.9,clay,5,zaid,cotton
55,103,64,21.54,75.98,167.07,7.63,loamy,3,zaid,maize
70,50,122,33.72,59.57,241.75,6.79,sandy,10,rabi,wheat
93,12,47,23.46,80.98,112.31,8.1,loamy,6,kharif,rice
108,84,19,33.05,89.28,80.04,6.7,loamy,8,kharif,cotton
44,63,202,29.43,51.12,48.81,6.53,loamy,4,zaid,maize
40,128,150,10.81,75.53,165.62,5.03,loamy,6,kharif,rice
124,83,75,38.07,46.33,175.39,7.35,clay,9,kharif,cotton
80,64,99,14.07,52.24,28.42,7.59,sandy,8,kharif,maize
55,109,73,20.4,69.78,23.84,8.12,sandy,5,zaid,maize
107,50,112,25.64,69.16,173.71,4.58,sandy,8,kharif,maize
35,131,49,36.96,49.54,158.72,5.35,clay,1,rabi,wheat
25,86,167,11.83,90.4,216.31,6.14,loamy,12,rabi,wheat
121,41,179,37.13,34.71,156.25,7.52,clay,3,zaid,cotton
119,63,130,22.32,72.57,269.23,5.48,clay,6,kharif,rice
18,50,23,23.27,92.21,117.12,6.78,clay,1,rabi,wheat
134,53,5,17.93,56.94,164.28,8.07,clay,8,kharif,cotton
53,101,183,23.98,62.67,205.73,5.94,loamy,4,zaid,maize
44,93,97,11.89,42.52,209.41,6.73,clay,2,rabi,wheat
64,16,15,19.3,40.64,245.08,6.35,clay,5,zaid,maize
12,65,82,27.34,38.48,3.15,6.48,loamy,10,rabi,wheat
57,138,51,34.66,75.23,95.77,6.2,clay,11,rabi,cotton
13,25,191,14.67,83.84,231.64,7.34,sandy,7,kharif,rice
77,48,168,39.26,94.0,18.42,7.97,sandy,5,zaid,maize
72,46,5,22.76,68.11,230.33,4.52,loamy,3,zaid,maize
24,129,145,20.6,33.17,127.35,8.28,sandy,10,rabi,maize
22,5,104,31.61,58.09,165.45,7.81,sandy,9,kharif,maize
136,49,74,12.77,65.71,288.67,4.96,loamy,1,rabi,wheat
17,58,160,19.61,79.07,127.47,6.73,loamy,6,kharif,maize
27,56,44,23.05,84.96,32.39,7.88,sandy,1,rabi,wheat
35,18,184,36.02,56.26,222.98,7.82,loamy,7,kharif,cotton
17,105,36,32.85,74.68,149.36,6.8,sandy,12,rabi,maize
86,51,154,33.71,40.08,149.97,5.83,loamy,4,zaid,maize
27,35,121,19.34,55.71,267.35,8.19,loamy,3,zaid,maize
111,30,66,15.93,56.72,270.34,6.51,loamy,4,zaid,maize
101,56,82,17.93,74.33,91.77,6.0,loamy,12,rabi,wheat
67,105,68,29.5,53.97,170.63,7.86,sandy,7,kharif,maize
85,80,159,24.57,84.26,133.35,7.35,loamy,3,zaid,maize
112,28,34,21.56,79.04,101.59,8.35,clay,6,kharif,maize
18,18,55,35.1,72.14,129.49,4.96,loamy,11,rabi,maize
56,50,168,31.75,75.98,45.32,7.14,loamy,12,rabi,wheat
84,76,156,23.28,59.25,180.49,7.1,loamy,1,rabi,wheat
64,102,166,29.54,94.16,110.08,6.2,loamy,4,zaid,maize
54,98,105,18.71,68.89,188.78,5.32,sandy,12,rabi,maize
40,73,197,23.26,76.41,14.51,8.41,sandy,8,kharif,maize
138,61,133,39.77,55.67,192.68,6.37,loamy,7,kharif,rice
131,115,173,25.56,83.42,86.49,8.29,clay,5,zaid,maize
133,63,201,29.49,49.37,69.55,6.1,loamy,1,rabi,wheat
60,87,161,13.1,59.62,253.17,8.11,clay,6,kharif,maize
65,17,77,30.71,83.69,185.87,5.48,loamy,6,kharif,rice
42,11,43,21.79,40.22,57.75,8.34,clay,11,rabi,wheat
76,62,121,25.35,51.53,286.26,5.42,loamy,7,kharif,rice
77,60,197,30.12,92.93,107.06,7.64,loamy,8,kharif,maize
105,143,17,15.16,56.51,66.66,6.9,clay,7,kharif,cotton
100,136,39,35.66,81.35,156.48,7.87,clay,7,kharif,rice
104,26,84,31.71,34.62,210.87,8.31,clay,8,kharif,rice
23,75,13,24.63,54.88,261.64,8.26,clay,3,zaid,maize
53,104,31,18.75,90.79,180.98,7.61,loamy,12,rabi,wheat
19,6,15,12.43,74.45,85.41,4.87,loamy,3,zaid,maize
84,86,71,28.68,85.11,293.78,6.53,clay,4,zaid,rice
16,83,139,28.43,94.75,148.31,5.46,loamy,8,kharif,rice
52,139,107,16.41,67.13,20.78,7.72,sandy,4,zaid,maize
16,134,144,10.74,82.11,89.5,7.05,loamy,9,kharif,cotton
83,45,22,19.69,60.02,85.73,4.77,sandy,5,zaid,maize
34,29,158,38.72,69.12,58.21,7.66,clay,8,kharif,cotton
118,118,127,16.21,62.37,222.32,7.59,loamy,9,kharif,cotton
17,23,43,15.15,65.9,87.96,5.05,sandy,7,kharif,maize
78,35,174,14.47,36.78,134.11,8.2,loamy,2,rabi,wheat
25,95,136,29.02,81.61,257.16,5.02,loamy,12,rabi,rice
44,17,33,31.87,54.74,205.15,6.44,sandy,10,rabi,maize
75,100,115,18.62,63.11,20.53,6.4,clay,3,zaid,maize
124,30,27,20.88,58.1,216.81,5.77,clay,8,kharif,maize
59,78,170,24.75,37.5,267.89,6.28,sandy,5,zaid,maize
67,62,55,23.14,82.75,135.99,8.17,loamy,12,rabi,maize
23,9,151,39.96,82.01,56.55,5.59,sandy,6,kharif,maize
31,69,5,24.35,40.2,173.38,6.04,clay,1,rabi,wheat
56,83,137,18.38,40.82,52.8,8.06,loamy,2,rabi,wheat
87,144,48,18.71,34.83,167.02,4.58,loamy,11,rabi,wheat
86,25,169,19.85,54.06,101.23,4.77,sandy,4,zaid,maize
65,40,139,36.05,76.46,59.69,6.72,clay,11,rabi,maize
48,76,24,29.09,39.05,56.62,6.71,clay,9,kharif,cotton
54,36,7,34.9,41.62,219.74,6.08,sandy,9,kharif,rice
129,19,47,32.4,56.52,108.85,5.88,loamy,3,zaid,maize
100,112,26,17.95,49.54,217.29,5.13,clay,3,zaid,rice
31,143,113,32.04,64.41,22.25,6.98,sandy,10,rabi,cotton
28,124,93,16.76,74.74,295.88,6.65,loamy,12,rabi,wheat
20,36,117,34.55,77.16,112.6,7.07,sandy,6,kharif,maize
13,93,155,35.63,55.06,242.17,6.15,sandy,8,kharif,maize
17,134,51,14.69,83.66,36.76,5.71,loamy,4,zaid,maize
92,59,32,25.97,69.17,6.21,6.77,sandy,10,rabi,maize
138,16,33,11.27,54.76,170.59,6.11,clay,2,rabi,wheat
124,106,38,33.27,87.77,237.65,5.93,loamy,6,kharif,rice
34,106,163,10.53,32.04,120.08,6.91,clay,7,kharif,maize
99,28,25,25.95,48.0,34.33,5.62,sandy,4,zaid,maize
66,114,66,17.84,83.87,208.07,6.6,clay,11,rabi,wheat
26,112,138,25.74,77.38,78.12,5.41,loamy,5,zaid,maize
26,7,136,22.77,81.8,11.69,5.36,clay,1,rabi,rice
91,30,121,20.04,87.26,78.32,7.76,sandy,3,zaid,maize
81,88,21,34.35,55.8,264.34,5.21,loamy,9,kharif,rice
121,75,14,34.49,63.22,267.99,6.19,loamy,10,rabi,cotton
78,62,26,26.13,34.53,226.61,6.56,loamy,1,rabi,wheat
89,118,108,27.72,40.12,256.29,6.63,sandy,10,rabi,wheat
128,21,200,27.93,83.74,140.96,6.64,clay,10,rabi,rice
69,133,92,29.95,31.26,214.91,7.12,clay,3,zaid,maize
40,128,103,10.72,67.56,253.92,8.48,sandy,2,rabi,wheat
36,32,22,34.65,69.51,78.05,5.67,clay,10,rabi,maize
115,69,102,28.21,70.41,139.41,5.75,loamy,6,kharif,maize
74,45,72,19.44,58.52,231.86,6.36,loamy,2,rabi,wheat
121,112,59,36.66,42.0,61.73,6.75,sandy,5,zaid,cotton
64,81,38,24.08,33.48,115.57,7.71,clay,10,rabi,maize
41,127,77,16.59,75.9,216.65,5.82,loamy,10,rabi,wheat
15,29,81,13.14,44.1,49.36,6.58,clay,6,kharif,cotton
92,96,102,14.51,48.47,203.64,5.22,clay,10,rabi,wheat
63,97,187,29.92,52.52,243.62,6.95,clay,1,rabi,maize
70,61,88,34.75,56.2,183.71,4.95,loamy,11,rabi,wheat
99,10,184,18.69,44.69,127.07,7.6,loamy,10,rabi,wheat
72,36,127,13.94,75.03,210.44,6.43,sandy,11,rabi,wheat
17,85,7,13.2,90.38,47.58,6.46,clay,8,kharif,rice
10,82,79,17.4,50.88,79.27,8.44,loamy,12,rabi,wheat
14,103,61,27.04,93.3,135.75,5.79,loamy,5,zaid,maize
90,136,74,21.59,34.26,266.53,4.96,loamy,5,zaid,maize
121,42,64,36.98,51.51,161.35,7.74,clay,12,rabi,wheat
16,45,36,37.1,87.49,116.92,6.2,sandy,7,kharif,maize
92,10,133,15.01,91.58,84.59,5.14,loamy,1,rabi,wheat
91,143,109,37.94,68.12,213.18,7.73,sandy,11,rabi,cotton
33,75,180,38.79,59.04,30.37,6.82,sandy,7,kharif,maize
33,22,62,19.25,75.21,275.56,5.85,sandy,11,rabi,maize
63,75,20,38.6,47.31,253.68,8.47,clay,12,rabi,wheat
70,127,197,33.2,53.99,201.81,6.03,loamy,10,rabi,wheat
66,139,166,11.73,47.18,188.84,6.63,loamy,6,kharif,maize
99,10,15,16.0,94.73,108.37,4.83,sandy,8,kharif,maize
39,50,132,13.91,42.98,252.69,8.38,loamy,12,rabi,wheat
60,33,59,24.67,51.4,123.58,7.34,loamy,9,kharif,maize
24,117,45,19.26,91.32,214.47,6.14,sandy,5,zaid,maize
77,17,54,24.22,92.07,95.02,4.59,sandy,2,rabi,wheat
127,130,57,30.52,80.09,258.86,5.89,sandy,7,kharif,rice
66,101,70,33.65,37.46,42.41,6.31,clay,7,kharif,rice
64,15,7,21.61,37.19,161.14,6.15,sandy,7,kharif,maize
31,67,59,35.48,41.23,201.12,5.52,clay,8,kharif,rice
22,107,187,23.54,77.02,144.04,5.87,clay,9,kharif,maize
125,56,47,19.08,80.07,82.62,5.29,sandy,3,zaid,maize
22,55,57,37.01,74.44,73.22,7.66,loamy,8,kharif,cotton
130,143,86,21.8,32.81,180.66,7.03,sandy,9,kharif,cotton
88,6,99,38.95,63.31,200.08,5.95,clay,10,rabi,rice
40,19,73,31.52,45.12,74.45,4.86,clay,2,rabi,wheat
39,75,186,17.04,70.17,167.51,7.83,loamy,12,rabi,wheat
83,91,102,29.5,90.96,43.38,6.34,clay,12,rabi,wheat
103,110,6,37.96,47.95,163.5,5.33,sandy,5,zaid,maize
80,130,193,20.01,90.17,251.06,5.07,clay,10,rabi,rice
62,136,72,26.47,61.82,269.91,7.0,loamy,11,rabi,maize
88,128,123,22.63,48.48,53.41,6.22,loamy,12,rabi,wheat
81,138,127,33.13,94.22,40.65,7.93,clay,4,zaid,maize
109,85,151,19.89,51.9,127.22,6.67,sandy,5,zaid,maize
37,39,193,13.51,43.69,103.97,6.54,clay,1,rabi,wheat
80,22,48,15.7,52.39,34.47,7.57,sandy,12,rabi,wheat
128,46,85,28.91,75.97,168.37,4.83,clay,4,zaid,maize
79,15,31,34.12,73.66,96.52,5.85,clay,12,rabi,maize
44,8,88,18.1,66.94,75.86,6.87,sandy,10,rabi,maize
108,16,62,28.27,33.32,284.61,6.44,sandy,10,rabi,rice
72,76,52,37.55,38.55,77.64,6.16,clay,5,zaid,maize
30,30,19,38.2,36.55,212.82,8.34,sandy,9,kharif,maize
118,130,48,23.31,81.25,76.65,4.78,sandy,10,rabi,wheat
13,36,67,37.57,64.48,113.61,6.66,clay,10,rabi,maize
137,36,34,31.05,79.25,69.84,6.21,loamy,3,zaid,maize
61,62,80,20.08,68.89,262.81,6.77,loamy,3,zaid,maize
77,118,16,11.36,92.13,270.85,6.49,clay,6,kharif,rice
16,21,199,16.46,41.49,268.6,6.61,clay,5,zaid,maize
12,82,71,14.72,84.45,284.67,4.57,loamy,4,zaid,maize
136,46,94,13.88,67.0,91.23,8.32,loamy,1,rabi,wheat
83,125,69,32.82,93.74,274.69,7.46,clay,12,rabi,rice
124,17,85,26.81,41.21,47.24,8.08,clay,10,rabi,wheat
120,108,193,14.26,53.33,230.4,7.74,sandy,2,rabi,wheat
23,36,133,18.37,67.89,74.69,5.85,clay,3,zaid,maize
54,89,45,20.64,48.25,157.43,6.59,clay,6,kharif,cotton
27,76,142,33.47,49.35,197.47,5.05,loamy,9,kharif,rice
18,76,53,22.22,44.23,276.83,7.3,loamy,9,kharif,cotton
61,36,85,24.4,94.91,265.03,6.42,loamy,1,rabi,wheat
36,61,39,37.95,40.66,26.49,8.21,loamy,2,rabi,wheat
11,120,166,10.58,49.51,212.98,7.11,loamy,7,kharif,cotton
53,104,194,24.28,38.71,69.56,5.46,loamy,9,kharif,rice
89,29,121,16.21,76.16,261.02,4.76,clay,8,kharif,rice
19,69,102,39.2,42.76,28.26,7.38,loamy,10,rabi,wheat
100,5,156,17.87,84.15,140.18,6.92,clay,6,kharif,maize
28,101,112,32.03,32.99,112.11,7.63,loamy,8,kharif,cotton
88,101,63,12.78,59.99,206.8,8.09,clay,7,kharif,rice
106,113,159,29.53,92.49,81.98,6.66,sandy,6,kharif,cotton
56,10,111,35.46,88.23,257.06,7.96,loamy,10,rabi,wheat
34,127,146,36.34,91.17,140.09,4.65,clay,2,rabi,wheat
111,41,175,22.08,81.15,31.25,7.76,loamy,5,zaid,rice
97,123,142,13.03,74.63,298.09,6.17,sandy,10,rabi,wheat
108,101,105,29.19,35.05,89.37,7.99,loamy,12,rabi,cotton
15,128,79,22.04,68.97,176.34,7.04,clay,9,kharif,maize
89,144,199,24.02,72.42,35.71,7.93,sandy,5,zaid,maize
22,102,150,14.4,69.73,150.96,6.61,sandy,1,rabi,wheat
56,63,148,36.34,70.23,241.3,6.81,loamy,4,zaid,maize
41,122,124,17.38,62.69,193.83,7.42,clay,5,zaid,maize
50,67,158,36.54,94.9,271.88,6.7,loamy,6,kharif,rice
65,68,62,31.68,88.31,181.1,7.98,loamy,5,zaid,maize
49,126,20,13.17,78.69,75.81,6.08,clay,9,kharif,maize
83,107,107,22.1,68.08,101.0,7.68,clay,3,zaid,maize
91,24,95,21.52,48.5,274.03,6.82,loamy,2,rabi,wheat
34,34,31,33.3,61.77,122.3,5.88,clay,2,rabi,maize
37,61,127,29.83,82.97,13.99,7.17,loamy,8,kharif,cotton
91,29,42,24.43,71.14,148.26,5.77,clay,8,kharif,maize
106,64,34,25.84,42.45,129.21,4.82,sandy,7,kharif,maize
51,114,66,12.57,65.21,297.55,4.88,clay,3,zaid,maize
46,15,108,19.58,44.95,83.79,6.43,sandy,12,rabi,wheat
92,34,113,28.67,75.66,182.85,4.98,sandy,10,rabi,maize
44,87,95,23.53,90.13,213.64,6.28,sandy,1,rabi,rice
34,69,34,39.53,44.12,290.27,4.85,loamy,2,rabi,wheat
118,108,90,11.19,44.19,189.65,8.21,loamy,3,zaid,maize
38,59,80,31.04,64.69,186.17,5.32,sandy,6,kharif,rice
131,42,12,39.58,79.35,241.79,8.08,sandy,9,kharif,maize
17,28,101,16.06,81.89,194.68,5.68,sandy,10,rabi,wheat
29,81,14,21.5,62.74,225.86,7.2,loamy,2,rabi,wheat
12,105,148,34.55,62.7,185.91,7.45,loamy,2,rabi,cotton
113,113,106,33.93,85.24,78.67,8.4,sandy,12,rabi,wheat
75,132,84,25.59,44.09,16.38,5.13,sandy,5,zaid,maize
67,117,185,11.18,76.6,47.02,4.64,loamy,3,zaid,maize
86,114,196,13.37,67.39,234.66,4.89,loamy,2,rabi,wheat
79,120,160,17.76,79.76,215.18,6.76,clay,9,kharif,maize
97,47,64,29.05,89.12,124.5,8.25,sandy,3,zaid,maize
81,25,60,32.0,75.95,251.87,7.94,sandy,9,kharif,rice
121,129,175,23.11,59.53,216.64,7.19,clay,5,zaid,maize
133,82,186,17.67,71.15,131.75,5.29,loamy,5,zaid,maize
59,10,69,36.25,32.14,287.78,6.73,clay,7,kharif,rice
15,68,79,31.43,33.58,61.58,4.98,sandy,12,rabi,maize
14,119,45,25.24,32.32,143.66,4.94,sandy,5,zaid,maize
86,113,107,19.48,39.11,228.9,7.84,clay,7,kharif,rice
137,68,76,25.0,74.18,277.38,5.3,loamy,9,kharif,rice
120,136,46,30.51,71.02,141.35,6.34,clay,12,rabi,rice
10,94,129,36.79,92.87,288.28,6.96,sandy,8,kharif,rice
76,18,177,25.24,74.36,213.55,5.07,sandy,3,zaid,maize
63,75,20,11.19,69.52,49.56,6.76,loamy,6,kharif,maize
59,118,66,26.03,84.93,254.27,4.91,sandy,11,rabi,rice
110,95,100,33.11,31.18,289.98,8.02,clay,7,kharif,rice
47,55,110,38.27,94.73,20.77,8.46,sandy,4,zaid,maize
22,105,17,25.32,35.46,204.55,8.43,loamy,8,kharif,rice
127,8,102,24.17,51.52,217.22,6.08,loamy,2,rabi,wheat
28,34,13,16.65,91.58,184.92,6.54,sandy,9,kharif,maize
91,56,62,27.64,72.93,21.62,6.3,loamy,10,rabi,rice
106,86,191,13.44,38.26,232.51,6.04,clay,10,rabi,wheat
103,38,8,16.83,54.43,113.33,5.96,loamy,6,kharif,maize
120,71,99,24.05,72.15,294.6,4.9,loamy,6,kharif,rice
93,129,38,20.65,41.63,17.08,4.65,loamy,9,kharif,rice
30,79,36,35.04,61.38,68.73,5.84,clay,11,rabi,maize
58,50,185,20.53,81.58,244.13,6.32,clay,4,zaid,maize
123,137,167,24.01,44.18,85.65,4.71,sandy,9,kharif,cotton
113,95,97,37.05,56.01,18.96,6.68,loamy,11,rabi,wheat
112,114,119,17.48,44.67,68.89,7.05,clay,5,zaid,wheat
15,141,96,37.74,47.83,186.32,6.74,clay,5,zaid,maize
10,9,168,28.48,85.93,119.44,5.91,sandy,10,rabi,maize
93,110,113,35.52,37.59,211.88,4.88,sandy,12,rabi,wheat
109,78,183,28.33,61.4,233.5,8.01,sandy,9,kharif,maize
94,96,57,18.04,69.78,166.79,5.63,sandy,6,kharif,maize
58,142,119,31.84,86.65,236.08,7.87,sandy,1,rabi,rice
21,128,167,38.52,71.64,211.4,5.76,clay,8,kharif,rice
71,40,45,11.89,57.09,131.01,8.41,loamy,4,zaid,maize
61,39,201,13.29,85.3,3.22,4.96,loamy,5,zaid,maize
114,13,87,28.26,89.46,12.02,8.44,loamy,2,rabi,rice
138,119,5,18.72,51.68,71.36,7.15,sandy,11,rabi,wheat
66,114,18,20.36,39.16,232.54,6.59,loamy,11,rabi,wheat
17,132,74,29.06,88.67,281.0,6.93,loamy,6,kharif,rice
106,5,81,12.17,80.41,281.26,4.51,loamy,1,rabi,wheat
112,54,106,33.58,63.53,287.48,5.51,sandy,1,rabi,rice
95,94,191,24.45,66.98,176.63,6.04,sandy,5,zaid,maize
104,120,173,30.58,90.49,213.45,4.61,loamy,5,zaid,rice
24,65,41,22.56,40.75,244.94,5.59,sandy,1,rabi,wheat
64,27,123,23.17,51.63,41.97,5.66,clay,3,zaid,maize
49,54,78,17.44,65.58,286.17,7.71,clay,12,rabi,wheat
104,38,141,37.82,64.89,138.5,5.62,clay,9,kharif,maize
41,118,68,13.78,38.07,153.19,7.21,loamy,6,kharif,cotton
116,134,169,36.25,52.9,114.76,6.13,loamy,3,zaid,maize
130,48,26,12.36,42.07,43.74,7.49,loamy,10,rabi,wheat
50,40,7,33.83,50.44,144.47,6.2,clay,7,kharif,maize
49,118,43,29.4,73.52,170.51,6.51,sandy,10,rabi,rice
80,129,66,32.05,74.52,4.44,5.71,sandy,5,zaid,maize
42,50,18,15.44,34.07,248.23,6.98,sandy,5,zaid,maize
11,78,101,17.32,54.84,225.88,7.52,sandy,12,rabi,wheat
96,59,203,12.92,69.26,289.09,6.88,clay,11,rabi,wheat
28,30,129,14.23,35.34,57.66,7.99,loamy,11,rabi,wheat
125,32,139,21.6,73.06,176.49,7.59,clay,6,kharif,cotton
65,60,73,26.5,34.1,146.49,8.37,loamy,7,kharif,maize
13,15,50,16.21,35.41,90.36,4.92,loamy,10,rabi,wheat
28,108,144,25.14,51.17,248.66,5.14,clay,2,rabi,wheat
43,88,128,22.13,63.52,103.82,6.61,sandy,11,rabi,maize
13,22,165,24.91,46.59,58.83,5.17,sandy,9,kharif,cotton
77,71,125,16.91,79.63,11.66,7.75,loamy,1,rabi,wheat
122,114,102,22.67,49.53,157.3,6.32,clay,2,rabi,wheat
108,34,62,31.27,49.69,103.19,5.51,loamy,8,kharif,maize
106,58,199,34.84,61.66,237.17,8.03,clay,6,kharif,rice
63,116,200,23.39,42.41,178.22,6.28,sandy,11,rabi,wheat
89,123,69,32.74,84.31,280.87,8.21,loamy,2,rabi,rice
131,62,89,10.75,55.36,230.96,5.6,sandy,2,rabi,wheat
51,5,203,12.81,37.31,1.9,5.5,sandy,12,rabi,wheat
101,96,85,17.98,32.37,278.6,8.17,sandy,6,kharif,rice
92,41,22,24.84,35.25,98.8,6.74,loamy,9,kharif,cotton
33,139,51,19.81,44.38,110.4,6.65,loamy,3,zaid,maize
138,15,201,10.07,58.47,119.59,5.41,clay,7,kharif,maize
97,12,155,23.13,93.14,11.5,7.77,loamy,7,kharif,rice
17,142,106,37.86,92.83,137.15,5.18,loamy,1,rabi,rice
36,71,182,28.84,43.69,117.27,7.82,clay,12,rabi,cotton
38,77,156,11.14,80.43,53.81,5.06,sandy,9,kharif,rice
10,129,25,11.18,79.98,170.28,4.99,loamy,8,kharif,rice
133,18,173,14.59,57.07,274.46,6.11,clay,6,kharif,maize
51,28,26,35.71,33.56,22.84,7.96,loamy,6,kharif,cotton
77,70,107,39.83,55.48,147.62,7.49,clay,5,zaid,maize
19,18,88,32.67,39.26,80.75,6.26,clay,7,kharif,cotton
128,47,125,30.2,72.45,199.75,6.17,loamy,6,kharif,rice
97,100,32,30.99,32.67,1.62,5.93,sandy,5,zaid,maize
25,113,203,19.98,41.44,289.4,8.42,clay,9,kharif,maize
53,89,6,34.94,92.08,245.36,6.14,sandy,4,zaid,rice
24,44,198,27.69,62.2,80.24,5.73,clay,11,rabi,maize
77,21,112,25.64,61.27,40.06,8.17,clay,2,rabi,wheat
134,58,85,19.54,86.04,12.41,7.57,loamy,5,zaid,maize
33,85,35,22.82,88.89,72.1,8.0,loamy,2,rabi,wheat
108,143,67,36.33,82.4,58.51,4.83,sandy,12,rabi,wheat
137,81,194,39.47,89.47,141.97,7.49,sandy,11,rabi,wheat
130,95,45,11.34,80.62,174.68,4.58,clay,9,kharif,rice
118,68,130,29.12,65.19,211.02,6.63,sandy,10,rabi,cotton
17,128,104,11.98,43.08,234.82,5.31,clay,4,zaid,maize
96,131,92,23.88,75.81,85.25,4.62,sandy,12,rabi,wheat
85,112,45,25.13,66.42,83.62,5.59,clay,1,rabi,maize
24,52,175,36.84,42.2,56.47,6.23,sandy,5,zaid,maize
110,42,174,15.73,51.75,237.45,4.8,sandy,6,kharif,cotton
30,49,10,25.41,37.32,109.69,6.36,sandy,3,zaid,maize
110,70,198,23.75,49.0,173.71,5.13,clay,8,kharif,rice
29,44,116,32.72,59.71,33.29,7.28,sandy,3,zaid,maize
38,115,77,22.23,75.21,205.34,5.43,clay,9,kharif,rice
86,8,142,37.84,65.04,22.62,6.88,loamy,12,rabi,wheat
92,49,112,20.92,42.69,108.34,5.23,sandy,6,kharif,maize
84,142,188,15.42,41.6,155.56,6.61,loamy,5,zaid,maize
115,21,70,23.41,61.96,127.81,5.23,clay,12,rabi,cotton
126,93,135,16.87,57.05,221.08,7.45,clay,7,kharif,cotton
76,104,118,31.96,83.21,75.57,6.45,loamy,1,rabi,wheat
101,31,202,10.33,87.45,122.74,7.12,clay,12,rabi,wheat
24,29,14,35.82,54.64,219.99,6.9,clay,11,rabi,wheat
16,93,123,28.83,88.36,137.71,6.82,loamy,6,kharif,maize
69,108,180,28.8,45.67,125.25,7.9,sandy,6,kharif,maize
86,18,189,25.73,56.69,294.06,6.38,loamy,10,rabi,wheat
128,121,177,16.25,93.14,232.5,7.92,sandy,3,zaid,maize
22,82,7,20.46,81.71,89.4,6.36,loamy,1,rabi,wheat
49,129,63,18.99,88.21,161.16,4.96,loamy,5,zaid,maize
10,103,24,30.71,37.17,44.04,6.25,loamy,3,zaid,maize
99,138,52,14.79,75.67,231.8,7.15,clay,12,rabi,wheat
67,98,129,24.36,47.11,258.95,4.79,clay,3,zaid,maize
139,68,173,15.56,40.7,152.73,8.44,clay,3,zaid,wheat
27,59,162,29.24,55.73,142.3,6.87,clay,8,kharif,maize
117,55,28,36.64,35.63,212.28,7.0,sandy,2,rabi,rice
94,34,67,38.21,61.77,167.87,8.27,clay,4,zaid,maize
60,50,141,16.69,51.99,45.68,5.45,sandy,12,rabi,wheat
63,95,60,20.51,82.96,122.68,6.4,clay,9,kharif,maize
20,107,59,35.52,77.48,35.68,5.74,loamy,9,kharif,rice
48,7,189,30.9,75.59,73.16,5.34,loamy,9,kharif,maize
60,69,117,30.82,88.87,272.45,4.71,sandy,1,rabi,maize
42,22,40,26.18,42.75,9.57,7.98,sandy,10,rabi,wheat
11,32,67,19.18,48.62,34.31,8.24,sandy,6,kharif,maize
41,25,183,29.15,51.88,1.7,8.16,loamy,10,rabi,wheat
24,111,72,21.73,35.18,28.76,5.86,clay,7,kharif,maize
55,74,80,27.69,59.73,196.33,5.36,clay,10,rabi,rice
114,128,50,32.09,80.96,58.68,6.27,sandy,8,kharif,rice
69,122,155,15.68,52.32,168.73,5.07,sandy,7,kharif,maize
29,93,121,22.58,53.25,61.75,4.55,clay,12,rabi,wheat
47,59,37,25.83,68.09,41.02,5.03,sandy,8,kharif,rice
30,142,26,17.8,44.21,7.65,5.23,clay,12,rabi,wheat
131,121,17,10.87,57.39,68.35,7.05,clay,10,rabi,wheat
125,112,119,17.77,39.94,289.6,8.2,sandy,1,rabi,wheat
66,64,55,19.71,87.66,110.21,6.05,sandy,2,rabi,maize
102,129,189,20.64,65.81,193.67,7.65,clay,1,rabi,cotton
60,71,193,36.14,42.44,218.12,6.62,clay,6,kharif,maize
107,11,112,36.34,52.53,283.96,6.16,sandy,11,rabi,wheat
60,84,185,24.28,35.8,205.22,6.23,clay,2,rabi,wheat
106,23,97,14.32,52.03,114.8,8.25,sandy,12,rabi,wheat
30,27,184,12.81,88.75,26.35,7.25,loamy,6,kharif,rice
41,56,11,36.32,86.82,162.21,5.98,loamy,11,rabi,rice
135,28,150,25.72,69.43,35.69,7.32,sandy,7,kharif,maize
69,120,101,16.43,80.98,25.92,6.93,loamy,10,rabi,wheat
126,13,127,24.4,40.02,272.27,6.49,sandy,2,rabi,wheat
56,128,175,15.9,76.47,288.5,4.65,clay,5,zaid,maize
71,128,29,10.24,88.85,35.47,5.6,clay,3,zaid,maize
25,12,131,19.65,41.46,37.56,7.16,sandy,12,rabi,wheat
133,108,59,26.85,79.33,115.06,8.06,clay,10,rabi,maize
119,44,40,10.76,47.97,172.93,6.03,loamy,12,rabi,wheat
76,105,130,14.13,39.97,206.19,7.12,loamy,9,kharif,maize
91,144,174,10.26,42.2,58.86,6.67,clay,1,rabi,wheat
80,86,153,19.86,63.19,261.33,7.59,sandy,10,rabi,maize
124,135,39,16.54,85.54,139.99,5.68,sandy,9,kharif,maize
66,79,162,29.48,43.55,238.8,6.8,loamy,2,rabi,wheat
67,59,16,12.9,74.16,166.22,7.53,sandy,4,zaid,maize
30,62,67,27.5,36.19,152.34,6.83,sandy,3,zaid,maize
10,97,27,16.26,55.56,100.85,6.43,sandy,10,rabi,wheat
104,115,73,19.86,44.48,183.97,6.95,loamy,1,rabi,wheat
107,136,97,34.51,58.92,125.09,6.78,sandy,4,zaid,maize
45,13,40,37.17,68.37,134.22,8.48,clay,4,zaid,maize
92,27,17,27.5,47.75,27.48,5.31,sandy,6,kharif,cotton
36,28,109,30.51,75.24,92.64,7.15,loamy,1,rabi,maize
119,65,21,16.81,73.22,172.07,5.38,sandy,3,zaid,maize
124,70,125,33.07,51.32,97.75,4.61,clay,8,kharif,cotton
15,67,49,21.84,86.85,18.15,6.34,clay,2,rabi,wheat
83,91,171,26.42,84.8,36.56,7.32,clay,9,kharif,rice
77,79,113,30.46,70.62,217.26,5.39,clay,6,kharif,rice
92,10,47,37.54,42.82,8.73,4.72,clay,3,zaid,maize
45,53,122,37.97,94.6,97.97,4.96,clay,7,kharif,cotton
10,30,98,34.05,52.37,109.19,7.65,sandy,7,kharif,maize
30,102,80,18.24,49.9,232.9,7.41,clay,1,rabi,wheat
113,112,80,13.25,72.35,269.97,8.12,sandy,6,kharif,rice
27,68,64,37.44,69.94,86.06,6.78,clay,6,kharif,maize
86,61,94,22.39,83.75,258.61,8.18,sandy,4,zaid,maize
15,118,23,20.26,50.83,199.1,4.56,sandy,10,rabi,wheat
137,20,192,21.04,52.96,173.02,4.66,clay,1,rabi,wheat
65,75,94,34.91,93.11,179.39,5.27,loamy,11,rabi,rice
62,32,81,27.63,52.79,282.23,5.73,loamy,2,rabi,maize
110,132,119,39.38,35.94,118.75,7.57,loamy,7,kharif,cotton
76,97,84,33.02,92.49,243.87,7.22,sandy,12,rabi,wheat
80,75,124,24.45,74.43,267.92,8.5,sandy,12,rabi,wheat
87,136,56,10.86,36.06,108.4,5.55,sandy,4,zaid,maize
117,49,138,20.67,39.82,228.63,6.76,loamy,1,rabi,wheat
23,62,49,17.39,87.37,136.66,7.07,clay,6,kharif,maize
59,59,102,31.14,55.23,224.74,4.8,clay,11,rabi,cotton
84,92,19,25.77,82.56,104.02,7.25,loamy,5,zaid,maize
139,13,159,18.23,33.18,62.64,6.55,sandy,5,zaid,maize
89,86,169,10.33,79.31,241.12,5.26,sandy,6,kharif,rice
74,65,200,20.36,37.78,38.59,5.43,loamy,4,zaid,maize
46,130,172,38.74,71.03,128.12,7.23,clay,6,kharif,maize
24,16,19,20.05,79.44,213.55,5.82,loamy,7,kharif,rice
37,48,135,24.14,31.33,275.96,6.56,sandy,7,kharif,maize
95,96,169,17.95,45.36,123.46,5.44,loamy,2,rabi,wheat
94,42,5,37.28,40.62,74.38,7.06,sandy,8,kharif,maize
124,70,175,36.54,74.08,21.05,5.38,loamy,2,rabi,rice
120,9,91,12.95,41.53,109.48,7.43,clay,6,kharif,cotton
76,13,83,19.82,78.78,79.03,4.99,clay,5,zaid,maize
56,42,197,30.58,76.65,191.62,5.67,loamy,4,zaid,maize
75,128,55,19.79,72.64,122.88,8.19,clay,9,kharif,maize
104,128,125,16.53,53.61,34.08,7.59,sandy,3,zaid,maize
90,30,135,13.96,42.19,142.03,7.86,loamy,1,rabi,wheat
113,99,75,14.42,68.14,155.45,8.26,loamy,11,rabi,wheat
56,72,106,23.74,43.16,174.17,5.54,clay,4,zaid,maize
39,107,111,17.73,52.4,45.07,6.28,clay,3,zaid,wheat
54,114,179,19.33,63.93,227.1,6.89,loamy,3,zaid,maize
62,21,62,10.4,74.65,45.31,6.73,loamy,1,rabi,wheat
68,138,165,31.17,92.03,169.41,6.99,clay,9,kharif,rice
56,118,202,20.61,32.14,101.41,7.22,sandy,8,kharif,maize
96,19,157,39.47,68.02,269.09,7.9,clay,1,rabi,cotton
20,41,92,20.15,50.66,66.01,5.55,clay,6,kharif,maize
114,124,22,33.89,39.46,46.86,6.42,loamy,6,kharif,cotton
13,47,189,38.32,49.01,10.04,4.6,loamy,1,rabi,wheat
44,42,126,17.23,42.35,146.44,6.54,clay,7,kharif,cotton
83,112,187,34.24,86.48,147.86,7.54,clay,5,zaid,maize
46,134,73,30.35,89.17,111.6,4.84,sandy,6,kharif,maize
136,67,20,29.92,37.2,164.31,5.92,sandy,10,rabi,rice
77,46,189,15.91,36.28,29.78,4.94,clay,3,zaid,maize
127,32,195,18.1,82.92,219.92,4.95,sandy,9,kharif,maize
49,61,151,35.33,85.47,246.72,5.09,clay,3,zaid,rice
49,29,47,31.96,61.02,41.29,4.58,loamy,7,kharif,maize
101,61,88,30.48,67.59,273.15,4.93,clay,12,rabi,rice
22,69,143,39.89,83.86,215.22,8.15,sandy,8,kharif,rice
55,33,117,14.02,45.06,255.05,7.85,sandy,4,zaid,maize
109,72,89,15.97,73.49,110.65,4.79,sandy,9,kharif,maize
118,25,123,14.45,59.31,154.82,7.13,loamy,11,rabi,wheat
14,25,124,16.74,33.02,33.91,6.69,sandy,2,rabi,wheat
125,87,37,21.08,69.44,37.34,8.21,clay,7,kharif,cotton
118,19,172,30.23,90.36,123.9,8.17,sandy,11,rabi,rice
93,103,191,11.71,34.22,47.02,4.56,clay,2,rabi,wheat
98,141,122,17.96,31.05,252.63,7.37,clay,2,rabi,wheat
116,135,53,30.91,46.33,169.72,8.11,clay,9,kharif,cotton
26,79,13,34.82,32.18,276.48,4.82,sandy,8,kharif,rice
46,139,160,29.92,92.06,90.13,6.07,loamy,8,kharif,cotton
77,100,94,23.68,44.05,127.84,7.88,clay,3,zaid,maize
59,111,184,37.77,84.39,108.15,4.79,loamy,3,zaid,maize
63,134,162,12.64,67.62,8.73,6.58,clay,10,rabi,wheat
20,140,6,25.39,53.5,144.02,6.16,loamy,9,kharif,maize
80,8,105,13.08,80.79,152.46,7.38,clay,1,rabi,wheat
131,137,9,16.15,88.81,92.86,5.7,clay,12,rabi,wheat
21,43,148,30.14,31.84,154.07,5.13,sandy,8,kharif,rice
118,79,177,31.44,45.58,169.23,7.51,clay,6,kharif,cotton
48,14,111,14.06,84.24,153.44,7.58,sandy,11,rabi,wheat
137,94,101,11.88,79.34,225.84,8.43,loamy,11,rabi,wheat
108,54,33,10.54,66.89,154.24,5.41,sandy,1,rabi,rice
56,52,160,20.58,68.8,163.56,4.56,loamy,12,rabi,rice
111,109,178,34.09,74.7,122.35,6.77,sandy,2,rabi,maize
112,102,131,22.1,90.24,277.52,7.07,loamy,1,rabi,rice
66,40,110,34.25,80.9,162.87,5.62,clay,8,kharif,rice
73,25,151,22.85,49.64,134.13,6.24,sandy,3,zaid,maize
14,37,152,22.98,52.47,146.25,5.92,loamy,7,kharif,maize
125,62,69,33.58,88.09,2.67,5.39,sandy,2,rabi,rice
20,10,52,12.53,35.34,197.0,5.39,loamy,1,rabi,wheat
67,35,193,10.05,78.14,269.91,4.82,clay,5,zaid,maize
15,65,160,32.14,66.18,120.35,7.97,sandy,12,rabi,maize
17,82,150,16.27,77.95,146.67,5.56,clay,10,rabi,maize
65,22,16,27.13,72.01,141.39,5.06,sandy,11,rabi,maize
49,78,112,38.59,65.18,16.87,5.93,clay,1,rabi,maize
80,30,88,12.74,35.97,0.57,8.14,sandy,6,kharif,maize
69,132,129,29.89,47.8,287.89,4.85,loamy,7,kharif,maize
42,115,52,27.46,69.51,98.75,4.66,loamy,5,zaid,maize
43,6,190,39.79,93.05,79.14,5.36,loamy,4,zaid,maize
33,10,80,34.34,90.81,29.29,8.5,sandy,6,kharif,rice
106,64,148,36.59,50.38,115.86,6.8,sandy,1,rabi,wheat
58,22,68,15.0,43.86,221.34,5.75,loamy,12,rabi,wheat
100,34,29,12.95,45.97,112.5,5.29,sandy,6,kharif,maize
53,94,42,36.66,64.87,183.41,6.18,sandy,5,zaid,maize
124,117,70,35.66,32.31,137.3,5.04,clay,4,zaid,maize
115,8,142,11.99,81.03,78.94,7.41,loamy,5,zaid,maize
112,64,95,16.4,67.69,109.74,7.51,clay,5,zaid,maize
93,111,29,13.73,68.48,225.34,5.15,loamy,6,kharif,rice
36,26,121,38.83,71.63,133.62,7.86,loamy,11,rabi,maize
92,131,121,19.99,34.22,96.78,8.18,loamy,4,zaid,maize
99,83,25,33.43,87.26,41.7,7.71,sandy,12,rabi,wheat
73,19,187,25.14,69.14,105.82,8.26,sandy,7,kharif,maize
98,115,18,14.5,43.8,263.99,7.02,loamy,11,rabi,wheat
31,45,34,15.17,90.52,19.81,6.15,clay,8,kharif,rice
105,55,53,12.45,61.58,141.33,5.35,sandy,6,kharif,maize
62,29,170,24.43,62.86,166.04,7.83,clay,12,rabi,wheat
65,93,148,34.41,59.26,83.82,7.43,loamy,6,kharif,cotton
70,32,145,35.38,87.94,248.44,7.22,sandy,6,kharif,maize
97,47,67,24.87,76.35,299.58,7.77,sandy,2,rabi,wheat
102,131,58,15.82,38.14,170.2,8.34,clay,1,rabi,wheat
50,72,99,26.71,50.37,108.46,5.49,loamy,2,rabi,wheat
49,130,14,26.55,83.14,123.54,8.36,clay,12,rabi,maize
106,22,81,17.09,94.46,139.8,5.38,clay,1,rabi,wheat
80,129,108,38.53,56.28,73.84,5.96,loamy,6,kharif,maize
139,111,204,27.44,77.68,157.99,5.32,loamy,10,rabi,rice
50,122,149,36.11,47.49,9.81,4.88,clay,5,zaid,maize
28,84,142,36.55,53.29,100.11,7.3,clay,4,zaid,maize
80,95,58,22.35,43.87,224.07,7.78,sandy,4,zaid,maize
129,111,164,17.0,49.75,144.8,7.29,clay,4,zaid,maize
62,26,191,39.17,89.58,285.97,5.64,clay,2,rabi,rice
38,67,66,14.5,86.59,217.8,6.63,sandy,8,kharif,rice
129,43,42,21.95,68.46,25.96,4.93,loamy,9,kharif,cotton
88,65,142,21.28,82.44,265.86,5.17,loamy,12,rabi,rice
58,63,97,37.64,69.83,241.66,7.5,clay,7,kharif,maize
16,49,14,13.97,73.23,31.13,7.06,clay,6,kharif,maize
52,38,73,21.34,53.82,215.14,7.86,clay,9,kharif,cotton
111,44,163,12.4,79.0,152.94,5.73,clay,5,zaid,rice
60,44,181,35.13,72.16,177.14,6.92,clay,2,rabi,maize
64,61,73,24.68,37.2,224.72,6.55,sandy,7,kharif,maize
67,118,123,17.16,80.87,24.4,6.95,clay,10,rabi,wheat
69,54,117,15.24,56.97,278.43,8.06,sandy,10,rabi,wheat
125,21,19,38.01,47.4,23.04,8.2,loamy,6,kharif,cotton
86,41,74,23.57,84.52,252.2,6.49,sandy,4,zaid,maize
40,131,108,25.16,60.65,190.17,4.77,loamy,4,zaid,maize
84,113,23,33.28,44.79,201.55,6.14,clay,8,kharif,rice
45,52,11,35.74,72.2,241.41,7.18,clay,4,zaid,maize
59,131,153,22.64,32.45,202.0,5.66,loamy,7,kharif,rice
25,31,49,33.8,94.91,140.77,6.67,loamy,9,kharif,rice
111,114,121,24.6,50.5,210.61,6.69,sandy,4,zaid,maize
42,21,53,11.62,68.62,202.07,7.78,sandy,5,zaid,maize
29,52,146,13.44,56.16,88.35,6.95,loamy,6,kharif,cotton
101,76,25,34.85,39.47,10.08,5.25,loamy,6,kharif,rice
33,75,124,39.74,90.28,44.19,7.99,sandy,3,zaid,maize
100,97,58,37.78,38.48,233.55,6.78,loamy,12,rabi,rice
10,125,58,18.27,74.17,49.42,4.7,clay,3,zaid,maize
74,123,101,27.97,59.32,225.53,6.59,clay,2,rabi,wheat
103,125,82,29.66,75.66,162.63,5.93,clay,9,kharif,rice
119,40,121,10.91,82.01,12.39,4.66,sandy,8,kharif,rice
122,40,138,30.81,75.33,137.06,5.6,loamy,6,kharif,maize
53,117,33,15.21,49.9,51.8,8.38,sandy,8,kharif,maize
116,90,188,36.65,36.22,25.09,7.63,loamy,2,rabi,wheat
71,127,69,19.38,93.68,219.9,6.3,sandy,4,zaid,maize
22,67,98,17.22,44.05,181.96,5.2,sandy,7,kharif,rice
31,62,166,12.72,88.54,243.53,6.96,loamy,3,zaid,maize
83,87,180,14.99,88.01,159.86,5.22,loamy,11,rabi,wheat
13,9,96,17.98,87.71,263.31,6.05,clay,12,rabi,wheat
46,5,7,28.16,87.63,22.73,6.0,clay,3,zaid,maize
47,43,98,16.85,39.33,213.62,8.0,clay,7,kharif,cotton
114,36,42,17.73,48.7,293.85,8.25,loamy,3,zaid,rice
78,72,184,37.48,77.17,209.39,6.31,loamy,4,zaid,maize
49,133,100,19.72,34.44,119.87,6.79,clay,4,zaid,maize
31,60,92,27.09,76.71,194.67,5.85,clay,3,zaid,rice
77,74,43,28.73,58.68,128.8,5.34,loamy,11,rabi,maize
29,78,149,19.28,74.94,188.55,7.55,sandy,12,rabi,maize
116,138,13,15.87,87.14,227.43,6.09,clay,4,zaid,rice
122,5,11,28.26,66.54,116.38,7.49,clay,6,kharif,maize
12,18,172,10.15,92.55,220.42,4.91,loamy,8,kharif,rice
34,34,186,14.74,52.33,11.76,7.72,clay,9,kharif,cotton
106,34,80,26.93,72.91,174.84,7.99,loamy,9,kharif,rice
136,65,93,20.29,70.76,245.83,5.73,sandy,11,rabi,maize
57,104,32,29.39,52.85,6.26,8.48,sandy,3,zaid,maize
133,136,177,22.14,77.01,265.17,7.61,sandy,2,rabi,maize
120,141,154,18.1,93.92,108.22,6.21,clay,8,kharif,maize
51,88,139,25.87,79.39,68.52,4.57,clay,4,zaid,maize
30,27,185,22.85,64.51,274.8,6.16,sandy,8,kharif,maize
137,69,204,39.28,33.78,110.11,7.74,loamy,11,rabi,wheat
33,135,138,28.95,60.5,245.35,5.73,sandy,9,kharif,maize
72,131,195,26.27,86.19,137.63,8.4,sandy,8,kharif,maize
14,126,60,24.69,67.76,159.31,7.9,clay,11,rabi,cotton
112,117,166,39.9,74.35,162.14,5.21,sandy,10,rabi,rice
74,112,195,15.95,88.75,274.44,8.41,sandy,10,rabi,wheat
81,30,112,33.05,42.79,196.33,5.53,sandy,3,zaid,maize
77,26,127,32.58,94.36,41.65,6.27,clay,6,kharif,rice
65,108,81,33.61,78.54,17.25,8.3,clay,11,rabi,maize
62,84,119,12.69,46.0,186.33,6.65,sandy,1,rabi,wheat
128,143,164,31.31,69.27,264.2,6.92,clay,10,rabi,cotton
121,143,76,18.1,69.67,267.71,7.23,loamy,10,rabi,wheat
131,78,179,10.65,41.61,153.1,6.58,loamy,2,rabi,wheat
81,79,34,19.76,39.77,246.69,7.52,clay,8,kharif,maize
96,22,50,17.02,73.03,142.45,5.31,clay,12,rabi,wheat
17,39,88,38.57,39.25,286.43,5.21,sandy,7,kharif,rice
109,112,80,18.65,62.81,55.07,6.79,loamy,6,kharif,cotton
16,114,139,33.05,91.77,50.87,6.88,clay,4,zaid,maize
101,35,173,10.69,49.28,63.61,4.93,loamy,1,rabi,wheat
121,24,204,26.7,40.18,124.33,6.04,clay,3,zaid,maize
20,36,78,36.94,71.97,285.27,7.78,loamy,8,kharif,rice
24,119,54,11.88,80.5,205.34,4.59,loamy,6,kharif,rice
131,47,57,39.71,46.05,273.28,6.8,clay,1,rabi,wheat
114,108,192,14.63,94.01,191.36,6.75,loamy,7,kharif,rice
137,37,176,13.33,78.99,162.84,4.74,clay,1,rabi,wheat
26,6,105,39.16,46.39,74.35,5.63,clay,1,rabi,wheat
58,96,204,38.37,32.31,28.14,5.26,clay,8,kharif,rice
139,104,88,27.85,42.4,166.36,7.49,sandy,7,kharif,maize
24,41,183,35.45,45.37,17.53,7.33,loamy,5,zaid,maize
127,131,72,16.62,94.89,34.02,5.15,loamy,7,kharif,rice
126,60,163,21.15,45.21,49.0,4.86,loamy,3,zaid,cotton
96,69,25,16.39,91.85,38.7,7.75,loamy,10,rabi,wheat
65,112,22,36.87,32.0,165.61,4.54,sandy,11,rabi,maize
54,106,120,14.08,40.72,241.35,6.68,sandy,6,kharif,cotton
41,10,112,33.21,71.09,198.02,8.05,clay,4,zaid,maize
54,121,117,34.03,76.4,28.54,6.77,clay,5,zaid,maize
39,65,32,14.25,45.64,164.81,6.73,loamy,6,kharif,maize
85,143,130,27.4,62.56,298.11,6.25,sandy,1,rabi,maize
103,30,50,15.68,32.7,56.4,6.94,clay,7,kharif,cotton
93,61,39,23.24,89.51,113.15,8.02,sandy,6,kharif,maize
106,122,131,34.76,52.46,9.66,8.33,sandy,8,kharif,cotton
129,83,37,37.92,42.77,61.08,7.31,loamy,6,kharif,cotton
125,115,203,36.72,56.97,239.64,7.18,sandy,9,kharif,cotton
119,118,147,35.97,56.97,49.17,8.46,sandy,1,rabi,wheat
110,82,52,28.14,48.16,109.86,7.74,clay,3,zaid,cotton
109,29,72,20.89,56.85,267.12,6.2,sandy,2,rabi,wheat
114,81,162,37.18,42.01,193.53,5.33,sandy,1,rabi,wheat
129,123,150,15.5,35.69,117.52,4.64,clay,8,kharif,maize
138,79,132,18.94,63.34,3.99,6.52,loamy,4,zaid,maize
34,72,18,35.13,32.59,164.95,7.63,clay,1,rabi,wheat
15,133,112,24.52,41.47,255.14,6.67,loamy,2,rabi,wheat
37,144,26,26.78,35.2,222.51,7.11,clay,4,zaid,maize
62,48,7,28.76,62.46,57.26,5.35,loamy,6,kharif,maize
33,57,9,16.5,63.23,128.47,8.07,sandy,2,rabi,wheat
113,87,20,13.25,90.44,2.36,7.92,clay,8,kharif,cotton
58,110,174,32.47,76.86,41.11,7.15,loamy,2,rabi,wheat
78,49,168,38.66,62.48,181.31,6.06,loamy,11,rabi,wheat
114,91,128,32.08,38.23,5.65,5.9,sandy,10,rabi,rice
139,11,51,32.89,50.2,51.8,7.66,sandy,11,rabi,cotton
123,57,141,13.55,76.34,206.37,6.62,sandy,4,zaid,maize
18,10,139,14.26,56.06,199.46,7.96,sandy,11,rabi,wheat
96,76,68,28.57,94.29,87.38,7.59,loamy,2,rabi,cotton
85,16,83,39.95,34.98,18.69,6.61,clay,4,zaid,maize
122,76,46,22.21,79.22,44.35,6.38,sandy,4,zaid,maize
105,40,118,10.46,72.85,29.92,7.29,clay,3,zaid,maize
137,80,109,25.76,30.58,0.74,5.09,sandy,4,zaid,maize
105,129,34,25.36,94.07,264.14,6.51,loamy,3,zaid,rice
53,99,88,13.45,32.99,232.3,5.3,clay,12,rabi,wheat
12,68,161,29.65,55.94,228.94,8.26,loamy,8,kharif,cotton
106,32,115,36.4,84.38,208.31,6.8,sandy,7,kharif,rice
28,84,49,21.94,69.76,22.57,6.41,clay,4,zaid,maize
28,27,143,37.77,67.09,125.82,8.45,loamy,3,zaid,maize
25,79,59,13.66,83.61,202.56,6.9,loamy,7,kharif,rice
129,10,5,37.34,51.81,249.17,7.54,clay,8,kharif,cotton
116,27,34,24.34,71.2,5.98,5.59,sandy,9,kharif,maize
59,84,73,38.6,86.13,248.48,4.95,clay,2,rabi,rice
24,77,46,28.69,60.87,48.73,6.88,loamy,8,kharif,cotton
49,47,27,30.15,58.39,10.95,7.64,clay,11,rabi,cotton
72,116,118,16.26,54.91,89.66,6.84,loamy,1,rabi,wheat
50,32,48,30.97,38.22,298.73,8.48,clay,9,kharif,rice
94,49,13,25.7,32.73,98.57,6.71,sandy,4,zaid,maize
65,130,33,14.57,83.46,215.92,6.66,clay,6,kharif,maize
47,116,144,13.38,49.06,12.99,7.03,clay,12,rabi,wheat
75,14,71,26.03,83.06,12.96,8.32,sandy,4,zaid,maize
134,13,51,20.3,63.03,109.77,4.66,sandy,11,rabi,maize
50,94,109,14.0,75.9,253.64,7.65,loamy,1,rabi,wheat
14,126,77,16.19,36.66,16.35,8.13,sandy,3,zaid,maize
132,99,112,25.85,64.47,180.88,5.98,loamy,8,kharif,rice
117,34,78,23.31,39.45,220.88,6.72,loamy,11,rabi,wheat
138,107,161,33.08,57.19,138.82,4.63,sandy,12,rabi,maize
20,107,133,34.95,39.05,270.7,7.03,loamy,7,kharif,cotton
38,86,50,25.6,44.56,192.5,5.33,sandy,1,rabi,wheat
50,109,18,37.1,49.24,157.37,5.03,loamy,9,kharif,rice
97,97,175,21.41,48.74,89.92,7.14,loamy,11,rabi,wheat
16,91,132,18.15,30.33,260.64,5.93,loamy,10,rabi,wheat
117,109,148,29.15,74.73,93.15,8.08,loamy,10,rabi,rice
32,140,90,15.04,90.72,63.95,7.85,loamy,7,kharif,cotton
27,46,90,16.49,47.57,224.05,7.38,loamy,4,zaid,maize
76,140,6,18.38,46.06,70.77,6.97,sandy,1,rabi,wheat
64,41,160,22.76,86.33,159.69,6.1,sandy,3,zaid,maize
76,43,104,11.14,73.08,124.19,5.65,clay,2,rabi,maize
69,39,124,17.83,72.24,104.43,4.72,loamy,9,kharif,maize
127,43,162,28.72,42.31,242.18,6.08,loamy,10,rabi,cotton
18,13,7,21.76,82.18,232.62,4.97,sandy,9,kharif,rice
97,104,174,27.05,32.84,266.83,7.34,sandy,6,kharif,maize
19,101,52,20.26,56.26,249.87,5.57,sandy,2,rabi,maize
44,76,26,31.92,48.85,276.35,7.0,loamy,2,rabi,wheat
39,69,43,30.61,60.2,283.89,7.0,loamy,3,zaid,maize
72,104,167,11.77,90.48,277.02,5.28,loamy,12,rabi,wheat
96,72,84,38.52,48.75,121.29,6.85,clay,5,zaid,maize
58,53,123,35.06,38.61,203.33,6.0,clay,4,zaid,maize
135,132,171,36.82,52.59,154.02,5.55,loamy,10,rabi,wheat
92,65,48,18.93,68.37,67.9,7.73,clay,12,rabi,wheat
108,47,179,31.24,56.02,285.93,5.53,loamy,4,zaid,maize
115,102,40,15.71,90.26,277.54,5.96,sandy,2,rabi,rice
20,112,101,15.42,77.78,290.07,8.25,loamy,6,kharif,rice
134,63,52,29.77,71.65,152.76,7.83,sandy,5,zaid,maize
100,82,170,20.53,57.06,178.98,7.54,clay,4,zaid,maize
71,137,72,24.16,41.41,142.26,8.35,sandy,11,rabi,wheat
27,138,84,31.01,30.06,275.11,6.67,sandy,3,zaid,maize
135,40,179,38.46,60.0,251.03,4.79,clay,8,kharif,cotton
12,141,198,28.38,41.16,36.25,5.47,clay,1,rabi,wheat
132,108,186,17.27,40.16,102.24,4.74,loamy,12,rabi,wheat
53,102,108,28.19,47.68,0.32,7.17,sandy,7,kharif,cotton
73,120,154,19.11,66.42,203.25,7.97,sandy,7,kharif,maize
103,40,186,29.13,38.73,145.59,4.57,loamy,7,kharif,maize
116,113,55,21.4,88.09,232.77,7.83,loamy,4,zaid,rice
27,103,68,34.15,68.24,115.62,5.65,sandy,2,rabi,maize
101,76,56,39.34,55.59,291.83,7.4,sandy,3,zaid,maize
79,60,80,28.4,69.61,207.21,5.95,clay,7,kharif,maize
99,75,51,24.55,81.85,239.36,7.05,sandy,11,rabi,maize
68,81,110,37.49,60.41,58.04,5.8,sandy,4,zaid,maize
99,80,76,12.34,43.34,93.74,5.08,clay,9,kharif,cotton
21,89,141,25.96,48.19,127.87,5.68,loamy,12,rabi,maize
26,49,45,27.13,63.41,185.84,7.77,loamy,6,kharif,cotton
37,62,151,28.16,66.12,203.71,4.95,clay,9,kharif,rice
54,58,71,23.53,48.7,176.82,5.58,sandy,1,rabi,wheat
136,140,174,39.53,59.34,118.91,6.84,clay,6,kharif,maize
113,47,199,37.98,65.56,111.64,5.13,clay,8,kharif,maize
134,39,86,30.21,66.43,59.83,5.55,clay,10,rabi,maize
41,125,163,29.24,73.24,290.79,8.49,sandy,1,rabi,maize
44,94,72,28.69,73.32,53.12,5.21,clay,10,rabi,wheat
131,45,173,22.76,86.88,221.93,6.38,sandy,6,kharif,rice
69,5,95,15.45,94.61,24.84,6.74,loamy,7,kharif,rice
100,37,46,39.92,85.47,279.67,6.25,sandy,1,rabi,rice
65,106,74,32.97,78.28,180.27,6.12,clay,10,rabi,rice
39,5,75,39.6,67.32,45.96,5.04,sandy,10,rabi,wheat
127,76,83,35.71,44.83,227.71,7.61,clay,11,rabi,wheat
96,29,38,23.14,35.3,271.75,6.62,sandy,1,rabi,wheat
88,102,107,36.19,60.74,38.3,5.86,loamy,8,kharif,maize
89,91,120,29.29,94.4,286.01,6.85,sandy,2,rabi,rice
117,141,77,12.66,39.19,178.73,5.01,sandy,12,rabi,wheat
133,16,81,16.24,44.59,164.97,4.89,loamy,3,zaid,wheat
58,31,26,11.83,86.75,110.88,4.86,clay,7,kharif,maize
36,104,167,17.0,42.87,203.95,7.36,clay,7,kharif,cotton
71,137,107,10.9,51.99,15.77,7.86,clay,4,zaid,maize
130,62,101,35.59,42.73,226.58,7.67,sandy,5,zaid,maize
105,67,167,38.63,31.4,209.47,4.56,clay,9,kharif,rice
105,84,132,15.47,72.44,184.39,4.69,sandy,10,rabi,wheat
